row_id,raceId,driverId,constructorId,circuitId,year,round,race_name,circuit_name,constructor_name,date,stop_number,pit_lap,stop_duration_ms,pit_lap_time_ms,grid,current_position,positionOrder,driver_points_before,constructor_points_before,lap_time_delta,recent_pace_delta,laps_since_last_pit,race_total_laps,laps_remaining,race_progress,approx_gap_ahead,approx_gap_behind,pressure_index,position_change_from_grid,safety_car_likely,strategy
1,900,3,131,1,2014,1,Australian Grand Prix,Albert Park Grand Prix Circuit,Mercedes,2014-03-16,2,38,23673,115194,3,1,1,0.0,0.0,22716.0,2067.0,26.0,57,19,0.6666666666666666,,23.472,,2,0,Standard
4,900,8,6,1,2014,1,Australian Grand Prix,Albert Park Grand Prix Circuit,Ferrari,2014-03-16,1,12,25543,145964,11,8,7,0.0,0.0,50832.0,1649.6666666666715,12.0,57,45,0.21052631578947367,1.939,6.273,0.47774663026523034,3,1,Emergency
12,900,807,10,1,2014,1,Australian Grand Prix,Albert Park Grand Prix Circuit,Force India,2014-03-16,2,33,22933,115326,7,8,6,0.0,0.0,20638.0,1325.6666666666715,21.0,57,24,0.5789473684210527,10.492,2.456,0.37636890719469906,-1,0,Standard
19,900,818,5,1,2014,1,Australian Grand Prix,Albert Park Grand Prix Circuit,Toro Rosso,2014-03-16,1,12,23124,143494,6,7,8,0.0,0.0,47696.0,699.6666666666715,12.0,57,45,0.21052631578947367,0.03,1.939,1.3111255727296451,-1,1,Emergency
30,900,825,1,1,2014,1,Australian Grand Prix,Albert Park Grand Prix Circuit,McLaren,2014-03-16,2,37,22273,112635,4,2,2,0.0,0.0,18600.0,840.6666666666715,25.0,57,20,0.6491228070175439,41.813,2.184,0.3374277432053172,2,0,Standard
31,900,826,5,1,2014,1,Australian Grand Prix,Albert Park Grand Prix Circuit,Toro Rosso,2014-03-16,1,12,30514,150844,8,9,9,0.0,0.0,55153.0,791.3333333333285,12.0,57,45,0.21052631578947367,6.273,4.507,0.3190819149438969,-1,1,Emergency
45,901,8,6,2,2014,2,Malaysian Grand Prix,Sepang International Circuit,Ferrari,2014-03-30,3,34,24246,113476,6,14,12,6.0,18.0,6724.0,1523.0,16.0,56,22,0.6071428571428571,8.81,8.169,0.21099994674694425,-8,0,Standard
50,901,16,15,2,2014,2,Malaysian Grand Prix,Sepang International Circuit,Sauber,2014-03-30,2,24,25493,113582,17,12,18,0.0,0.0,5241.0,1147.6666666666715,13.0,56,32,0.42857142857142855,10.711,3.439,0.31066576751208985,5,0,Standard
64,901,817,9,2,2014,2,Malaysian Grand Prix,Sepang International Circuit,Red Bull,2014-03-30,1,12,24709,112315,5,4,16,0.0,0.0,4188.0,594.3333333333285,12.0,56,44,0.21428571428571427,6.077,0.773,0.7053186043681456,1,0,Standard
71,901,820,206,2,2014,2,Malaysian Grand Prix,Sepang International Circuit,Marussia,2014-03-30,1,10,25639,115361,21,16,15,0.0,0.0,4876.0,490.3333333333285,10.0,56,46,0.17857142857142858,6.761,12.386,0.20355429066397623,5,0,Standard
72,901,820,206,2,2014,2,Malaysian Grand Prix,Sepang International Circuit,Marussia,2014-03-30,2,27,29210,117708,21,17,15,0.0,0.0,7841.0,1715.0,17.0,56,29,0.48214285714285715,7.05,21.415,0.16883658486234399,4,0,Standard
73,901,820,206,2,2014,2,Malaysian Grand Prix,Sepang International Circuit,Marussia,2014-03-30,3,41,27828,113500,21,15,15,0.0,0.0,5039.0,1003.3333333333285,14.0,56,15,0.7321428571428571,30.924,14.49,0.09588217465156312,6,0,Standard
84,901,826,5,2,2014,2,Malaysian Grand Prix,Sepang International Circuit,Toro Rosso,2014-03-30,2,22,27473,112826,11,11,10,2.0,6.0,5903.0,2003.3333333333285,12.0,56,34,0.39285714285714285,1.04,1.902,0.8347860164051837,0,0,Standard
94,902,4,6,3,2014,3,Bahrain Grand Prix,Bahrain International Circuit,Ferrari,2014-04-06,2,28,24576,104754,9,8,9,24.0,30.0,4155.0,1537.6666666666715,16.0,57,29,0.49122807017543857,1.745,2.404,0.6580707578569303,1,0,Standard
104,902,18,1,3,2014,3,Bahrain Grand Prix,Bahrain International Circuit,McLaren,2014-04-06,1,17,24476,105970,6,3,17,23.0,43.0,4385.0,2026.6666666666715,17.0,57,40,0.2982456140350877,30.063,1.269,0.4729154261303253,3,0,Standard
105,902,18,1,3,2014,3,Bahrain Grand Prix,Bahrain International Circuit,McLaren,2014-04-06,2,35,25245,104279,6,4,17,23.0,43.0,3665.0,806.6666666666715,18.0,57,22,0.6140350877192983,1.984,8.321,0.4424052695447134,2,0,Standard
108,902,154,208,3,2014,3,Bahrain Grand Prix,Bahrain International Circuit,Lotus F1,2014-04-06,1,13,25192,106395,16,13,12,0.0,0.0,4316.0,1641.0,13.0,57,44,0.22807017543859648,2.538,3.492,0.505263549998062,3,0,Standard
116,902,813,208,3,2014,3,Bahrain Grand Prix,Bahrain International Circuit,Lotus F1,2014-04-06,2,39,26440,105975,17,12,14,0.0,0.0,5805.0,2129.3333333333285,20.0,57,18,0.6842105263157895,4.069,5.97,0.3407495924958669,5,0,Standard
117,902,813,208,3,2014,3,Bahrain Grand Prix,Bahrain International Circuit,Lotus F1,2014-04-06,3,40,34249,140719,17,15,14,0.0,0.0,40549.0,3335.0,1.0,57,17,0.7017543859649122,6.38,36.989,0.16182476442153668,2,0,Standard
137,902,824,206,3,2014,3,Bahrain Grand Prix,Bahrain International Circuit,Marussia,2014-04-06,5,40,25383,126736,19,18,16,0.0,0.0,24075.0,6733.0,9.0,57,17,0.7017543859649122,145.348,,,1,0,Standard
155,903,13,3,17,2014,4,Chinese Grand Prix,Shanghai International Circuit,Williams,2014-04-20,2,31,23830,110858,6,16,15,12.0,30.0,7250.0,3698.6666666666715,21.0,56,25,0.5535714285714286,8.041,6.887,0.23739815548308613,-10,0,Standard
164,903,807,10,17,2014,4,Chinese Grand Prix,Shanghai International Circuit,Force India,2014-04-20,1,11,23438,110550,8,7,6,28.0,44.0,6336.0,1050.0,11.0,56,45,0.19642857142857142,4.289,6.88,0.31597521145793445,1,0,Standard
174,903,820,206,17,2014,4,Chinese Grand Prix,Shanghai International Circuit,Marussia,2014-04-20,1,12,23781,113241,21,16,19,0.0,0.0,5995.0,830.6666666666715,12.0,56,44,0.21428571428571427,10.056,7.145,0.2132233335909648,5,0,Standard
175,903,820,206,17,2014,4,Chinese Grand Prix,Shanghai International Circuit,Marussia,2014-04-20,2,32,23878,112158,21,16,19,0.0,0.0,6756.0,1907.0,20.0,56,24,0.5714285714285714,22.259,0.527,0.6978729572201849,5,0,Standard
182,903,824,206,17,2014,4,Chinese Grand Prix,Shanghai International Circuit,Marussia,2014-04-20,1,11,24784,113460,19,19,17,0.0,0.0,6634.0,800.3333333333285,11.0,56,45,0.19642857142857142,1.257,27.628,0.47799685377936185,0,0,Standard
220,904,817,9,4,2014,5,Spanish Grand Prix,Circuit de Barcelona-Catalunya,Red Bull,2014-05-11,2,45,21830,94947,3,3,3,24.0,57.0,3200.0,385.3333333333285,31.0,66,21,0.6818181818181818,20.795,15.136,0.10785531061226195,0,0,Overcut
234,904,826,5,4,2014,5,Spanish Grand Prix,Circuit de Barcelona-Catalunya,Toro Rosso,2014-05-11,1,18,22703,97425,12,6,14,4.0,8.0,3775.0,856.3333333333285,18.0,66,48,0.2727272727272727,3.324,3.433,0.4568482157930399,6,0,Standard
243,905,8,6,6,2014,6,Monaco Grand Prix,Circuit de Monaco,Ferrari,2014-05-25,2,28,25684,143719,6,14,12,17.0,66.0,63110.0,21111.33333333333,2.0,78,50,0.358974358974359,1.407,44.921,0.43723145239760625,-8,1,Emergency
244,905,8,6,6,2014,6,Monaco Grand Prix,Circuit de Monaco,Ferrari,2014-05-25,3,73,31896,133714,6,12,12,17.0,66.0,53566.0,3485.0,45.0,78,5,0.9358974358974359,5.919,106.082,0.15386819397379747,-6,0,Standard
252,905,155,207,6,2014,6,Monaco Grand Prix,Circuit de Monaco,Caterham,2014-05-25,2,62,25116,105213,20,13,13,0.0,0.0,22788.0,7793.3333333333285,37.0,78,16,0.7948717948717948,79.585,66.56,0.027210915091622233,7,0,Standard
253,905,807,10,6,2014,6,Monaco Grand Prix,Circuit de Monaco,Force India,2014-05-25,1,26,25714,116657,11,9,5,37.0,57.0,35141.0,896.3333333333285,26.0,78,52,0.3333333333333333,4.214,2.47,0.4799757690721832,2,1,Emergency
255,905,818,5,6,2014,6,Monaco Grand Prix,Circuit de Monaco,Toro Rosso,2014-05-25,1,26,25444,116729,7,7,17,4.0,8.0,35350.0,814.6666666666715,26.0,78,52,0.3333333333333333,5.27,0.613,0.7794524354057097,0,1,Emergency
256,905,818,5,6,2014,6,Monaco Grand Prix,Circuit de Monaco,Toro Rosso,2014-05-25,2,37,19385,93149,7,12,17,4.0,8.0,12066.0,324.0,11.0,78,41,0.47435897435897434,0.654,2.723,0.8731955123239603,-5,0,Undercut
265,905,828,207,6,2014,6,Monaco Grand Prix,Circuit de Monaco,Caterham,2014-05-25,2,51,25585,105114,22,14,11,0.0,0.0,23180.0,833.0,26.0,78,27,0.6538461538461539,37.179,7.198,0.14817338040827327,8,0,Standard
290,906,821,15,7,2014,7,Canadian Grand Prix,Circuit Gilles Villeneuve,Sauber,2014-06-08,1,1,24370,149693,22,20,14,0.0,0.0,0.0,0.0,1.0,70,69,0.014285714285714285,15.628,,,2,0,Standard
297,906,826,5,7,2014,7,Canadian Grand Prix,Circuit Gilles Villeneuve,Toro Rosso,2014-06-08,1,29,25235,101297,15,17,16,4.0,8.0,20193.0,1019.6666666666715,29.0,70,41,0.4142857142857143,2.979,,,-2,0,Standard
314,907,20,9,70,2014,8,Austrian Grand Prix,Red Bull Ring,Red Bull,2014-06-22,2,28,29844,80070,12,21,21,60.0,139.0,5739.0,251.66666666667152,8.0,71,43,0.39436619718309857,4.822,,,-9,0,Standard
345,908,18,1,9,2014,9,British Grand Prix,Silverstone Circuit,McLaren,2014-07-06,1,28,28645,99555,3,4,4,43.0,72.0,-911.0,413.3333333333285,28.0,52,24,0.5384615384615384,15.499,1.474,0.46481345259747986,-1,0,Standard
348,908,154,208,9,2014,9,British Grand Prix,Silverstone Circuit,Lotus F1,2014-07-06,1,30,29710,100936,11,9,12,8.0,8.0,-755.0,249.66666666667152,30.0,52,22,0.5769230769230769,16.077,1.932,0.3996224148370262,2,0,Standard
349,908,155,207,9,2014,9,British Grand Prix,Silverstone Circuit,Caterham,2014-07-06,1,18,29507,103691,22,17,15,0.0,0.0,-230.0,675.3333333333285,18.0,52,34,0.34615384615384615,15.54,102.069,0.07016173044664331,5,0,Standard
350,908,155,207,9,2014,9,British Grand Prix,Silverstone Circuit,Caterham,2014-07-06,2,29,29540,103432,22,16,15,0.0,0.0,377.0,1388.0,11.0,52,23,0.5576923076923077,50.111,67.364,0.03419284169266018,6,0,Standard
366,909,3,131,10,2014,10,German Grand Prix,Hockenheimring,Mercedes,2014-07-20,1,15,20055,86395,1,1,1,165.0,326.0,4588.0,928.0,15.0,67,52,0.22388059701492538,,10.078,,0,0,Standard
375,909,16,15,10,2014,10,German Grand Prix,Hockenheimring,Sauber,2014-07-20,2,32,19638,88236,15,13,19,0.0,0.0,5154.0,2021.6666666666715,16.0,67,35,0.47761194029850745,4.949,5.535,0.32111766644892703,2,0,Standard
379,909,18,1,10,2014,10,German Grand Prix,Hockenheimring,McLaren,2014-07-20,3,61,19221,87734,11,8,8,55.0,90.0,5835.0,2015.0,30.0,67,6,0.9104477611940298,4.683,21.806,0.2198115097593332,3,0,Standard
411,909,825,1,10,2014,10,German Grand Prix,Hockenheimring,McLaren,2014-07-20,2,29,19135,89596,4,14,9,35.0,90.0,6497.0,1926.6666666666715,28.0,67,38,0.43283582089552236,1.781,1.529,0.7549960906558357,-10,0,Standard
430,910,16,15,11,2014,11,Hungarian Grand Prix,Hungaroring,Sauber,2014-07-27,1,8,31956,109692,11,12,11,0.0,0.0,4084.0,925.6666666666715,8.0,70,62,0.11428571428571428,2.12,0.733,0.897546865521476,-1,0,Undercut
435,910,20,9,11,2014,11,Hungarian Grand Prix,Hungaroring,Red Bull,2014-07-27,1,9,22170,137406,2,3,7,82.0,188.0,33372.0,264.6666666666715,9.0,70,61,0.12857142857142856,0.276,0.575,1.4186196944817633,-1,1,Undercut
442,910,813,208,11,2014,11,Hungarian Grand Prix,Hungaroring,Lotus F1,2014-07-27,3,43,21818,93646,20,10,13,0.0,8.0,3745.0,128.0,26.0,70,27,0.6142857142857143,0.262,4.276,0.9819305553719921,10,0,Overcut
468,911,4,6,13,2014,12,Belgian Grand Prix,Circuit de Spa-Francorchamps,Ferrari,2014-08-24,1,12,28920,120692,4,2,7,115.0,142.0,4533.0,117.66666666667152,12.0,44,32,0.2727272727272727,1.428,3.429,0.6376462159877072,2,0,Standard
478,911,18,1,13,2014,12,Belgian Grand Prix,Circuit de Spa-Francorchamps,McLaren,2014-08-24,1,13,22800,121025,10,3,6,60.0,97.0,4466.0,280.0,13.0,44,31,0.29545454545454547,1.717,0.513,1.0289915323484045,7,0,Standard
480,911,20,9,13,2014,12,Belgian Grand Prix,Circuit de Spa-Francorchamps,Red Bull,2014-08-24,1,10,22800,120504,3,4,5,88.0,219.0,4375.0,418.3333333333285,10.0,44,34,0.22727272727272727,2.903,0.87,0.7909725276456749,-1,0,Standard
482,911,20,9,13,2014,12,Belgian Grand Prix,Circuit de Spa-Francorchamps,Red Bull,2014-08-24,3,34,23190,118982,3,5,5,88.0,219.0,4295.0,886.6666666666715,12.0,44,10,0.7727272727272727,8.372,0.179,0.9548772316216676,-2,0,Standard
489,911,815,10,13,2014,12,Belgian Grand Prix,Circuit de Spa-Francorchamps,Force India,2014-08-24,2,22,22977,121109,13,11,8,29.0,98.0,6210.0,1314.3333333333285,13.0,44,22,0.5,1.931,14.076,0.40751107614516563,2,0,Standard
493,911,818,5,13,2014,12,Belgian Grand Prix,Circuit de Spa-Francorchamps,Toro Rosso,2014-08-24,2,29,23202,119859,12,13,11,11.0,17.0,4528.0,618.6666666666715,14.0,44,15,0.6590909090909091,0.249,1.864,1.1498025235831122,-1,0,Standard
504,911,826,5,13,2014,12,Belgian Grand Prix,Circuit de Spa-Francorchamps,Toro Rosso,2014-08-24,1,10,24082,121015,11,9,9,6.0,17.0,4479.0,820.6666666666715,10.0,44,34,0.22727272727272727,0.548,1.729,1.0124294234667741,2,0,Undercut
506,911,828,207,13,2014,12,Belgian Grand Prix,Circuit de Spa-Francorchamps,Caterham,2014-08-24,1,11,24083,124312,22,16,17,0.0,0.0,5682.0,649.3333333333285,11.0,44,33,0.25,8.55,1.469,0.509734318110009,6,0,Standard
517,912,155,207,14,2014,13,Italian Grand Prix,Autodromo Nazionale di Monza,Caterham,2014-09-07,1,22,25277,97738,18,16,17,0.0,0.0,6147.0,839.3333333333285,22.0,53,31,0.41509433962264153,5.782,3.311,0.3794138714094461,2,0,Standard
535,913,4,6,15,2014,14,Singapore Grand Prix,Marina Bay Street Circuit,Ferrari,2014-09-21,2,24,28810,121033,5,4,4,121.0,162.0,8184.0,461.6666666666715,12.0,60,36,0.4,2.094,11.032,0.4063179076868063,1,0,Standard
555,913,813,208,15,2014,14,Singapore Grand Prix,Marina Bay Street Circuit,Lotus F1,2014-09-21,1,11,29960,123587,18,13,12,0.0,8.0,7503.0,963.3333333333285,11.0,60,49,0.18333333333333332,6.123,1.375,0.5614429165712259,5,0,Standard
603,914,16,15,22,2014,15,Japanese Grand Prix,Suzuka Circuit,Sauber,2014-10-05,4,32,24314,122731,14,17,21,0.0,0.0,6978.0,1555.6666666666715,10.0,44,12,0.7272727272727273,7.171,9.341,0.2190864876929361,-3,0,Standard
604,914,18,1,22,2014,15,Japanese Grand Prix,Suzuka Circuit,McLaren,2014-10-05,1,2,1136054,190581,8,8,5,72.0,111.0,-4765.0,0.0,2.0,44,42,0.045454545454545456,2.048,2.569,0.6082745190614132,0,0,Standard
616,914,155,207,22,2014,15,Japanese Grand Prix,Suzuka Circuit,Caterham,2014-10-05,1,2,1133381,193952,19,18,19,0.0,0.0,-22303.0,0.0,2.0,44,42,0.045454545454545456,2.177,2.642,0.5893367640874303,1,0,Standard
620,914,155,207,22,2014,15,Japanese Grand Prix,Suzuka Circuit,Caterham,2014-10-05,5,39,24907,148235,19,21,19,0.0,0.0,32594.0,3235.6666666666715,1.0,44,5,0.8863636363636364,11.894,,,-2,0,Standard
633,914,817,9,22,2014,15,Japanese Grand Prix,Suzuka Circuit,Red Bull,2014-10-05,1,2,1135520,190920,6,6,4,181.0,305.0,-365.0,0.0,2.0,44,42,0.045454545454545456,2.962,1.674,0.6263693570596055,0,0,Standard
636,914,818,5,22,2014,15,Japanese Grand Prix,Suzuka Circuit,Toro Rosso,2014-10-05,1,2,1136557,193533,20,19,9,19.0,27.0,-25783.0,0.0,2.0,44,42,0.045454545454545456,2.642,2.463,0.5633413747242164,1,0,Standard
644,914,821,15,22,2014,15,Japanese Grand Prix,Suzuka Circuit,Sauber,2014-10-05,3,34,26943,120413,15,11,13,0.0,0.0,4214.0,505.0,23.0,44,10,0.7727272727272727,13.414,0.764,0.6362704186248755,4,0,Standard
652,914,825,1,22,2014,15,Japanese Grand Prix,Suzuka Circuit,McLaren,2014-10-05,2,11,24550,120424,7,7,14,39.0,111.0,-182.0,28129.666666666657,9.0,44,33,0.25,0.988,2.097,0.8259112310284048,0,0,Standard
658,914,826,5,22,2014,15,Japanese Grand Prix,Suzuka Circuit,Toro Rosso,2014-10-05,3,23,24222,118942,12,10,11,8.0,27.0,2675.0,165.0,12.0,44,21,0.5227272727272727,1.897,0.81,0.8976708616457871,2,0,Standard
674,915,807,10,71,2014,16,Russian Grand Prix,Sochi Autodrom,Force India,2014-10-12,1,24,30096,109023,17,13,12,76.0,122.0,3913.0,177.0,24.0,53,29,0.4528301886792453,3.299,4.524,0.4136404758090855,4,0,Standard
680,915,821,15,71,2014,16,Russian Grand Prix,Sochi Autodrom,Sauber,2014-10-12,1,39,30303,113020,13,14,15,0.0,0.0,8172.0,1096.6666666666715,39.0,53,14,0.7358490566037735,2.996,29.103,0.2834695307206353,-1,0,Overcut
686,915,828,207,71,2014,16,Russian Grand Prix,Sochi Autodrom,Caterham,2014-10-12,2,43,30760,111575,16,19,19,0.0,0.0,5908.0,2195.3333333333285,16.0,53,10,0.8113207547169812,13.183,,,-3,0,Standard
718,916,825,1,69,2014,17,United States Grand Prix,Circuit of the Americas,McLaren,2014-11-02,1,1,26881,110641,7,5,8,49.0,143.0,0.0,0.0,1.0,56,55,0.017857142857142856,0.183,1.413,1.259730419091572,2,0,Undercut
723,917,1,131,18,2014,18,Brazilian Grand Prix,Autódromo José Carlos Pace,Mercedes,2014-11-09,1,8,23351,80715,2,1,2,316.0,608.0,5105.0,323.3333333333285,8.0,71,63,0.11267605633802817,,13.118,,1,0,Standard
731,917,4,6,18,2014,18,Brazilian Grand Prix,Autódromo José Carlos Pace,Ferrari,2014-11-09,3,52,23077,81597,8,3,6,149.0,196.0,6508.0,318.3333333333285,24.0,71,19,0.7323943661971831,24.628,2.337,0.33869018467075007,5,0,Standard
736,917,13,3,18,2014,18,Brazilian Grand Prix,Autódromo José Carlos Pace,Williams,2014-11-09,3,50,26918,82074,3,3,3,83.0,238.0,7184.0,1190.3333333333285,25.0,71,21,0.704225352112676,25.824,8.135,0.14674912270477744,0,0,Standard
742,917,18,1,18,2014,18,Brazilian Grand Prix,Autódromo José Carlos Pace,McLaren,2014-11-09,3,50,23383,81636,5,4,4,94.0,147.0,6371.0,980.6666666666715,23.0,71,21,0.704225352112676,8.135,1.777,0.4695699032182213,1,0,Standard
757,917,815,10,18,2014,18,Brazilian Grand Prix,Autódromo José Carlos Pace,Force India,2014-11-09,3,47,30067,82869,18,12,15,47.0,123.0,7252.0,347.6666666666715,22.0,71,24,0.6619718309859155,6.965,7.409,0.24446948263440282,6,0,Standard
771,917,825,1,18,2014,18,Brazilian Grand Prix,Autódromo José Carlos Pace,McLaren,2014-11-09,3,47,24131,82565,7,8,9,53.0,147.0,7619.0,2101.3333333333285,21.0,71,24,0.6619718309859155,1.868,1.028,0.8417716818103043,-1,0,Standard
784,918,13,3,24,2014,19,Abu Dhabi Grand Prix,Yas Marina Circuit,Williams,2014-11-23,2,43,22040,109520,4,1,2,98.0,254.0,2638.0,375.6666666666715,30.0,55,12,0.7818181818181819,,8.96,,3,0,Overcut
796,918,155,207,24,2014,19,Abu Dhabi Grand Prix,Yas Marina Circuit,Caterham,2014-11-23,2,36,22426,111611,16,17,18,0.0,0.0,2058.0,73.66666666667152,21.0,55,19,0.6545454545454545,23.555,25.398,0.07860656097969573,-1,0,Overcut
799,918,813,208,24,2014,19,Abu Dhabi Grand Prix,Yas Marina Circuit,Lotus F1,2014-11-23,1,7,21998,112953,15,12,19,2.0,10.0,2922.0,255.66666666667152,7.0,55,48,0.12727272727272726,0.885,2.138,0.849178293630064,3,0,Undercut
802,918,817,9,24,2014,19,Abu Dhabi Grand Prix,Yas Marina Circuit,Red Bull,2014-11-23,1,27,21747,110536,20,5,4,214.0,373.0,2285.0,1062.6666666666715,27.0,55,28,0.4909090909090909,6.96,13.801,0.19319114320334868,15,0,Standard
805,918,818,5,24,2014,19,Abu Dhabi Grand Prix,Yas Marina Circuit,Toro Rosso,2014-11-23,2,30,22761,109934,10,8,12,22.0,30.0,1490.0,468.6666666666715,17.0,55,25,0.5454545454545454,4.628,4.74,0.3518990413784735,2,0,Standard
807,918,821,15,24,2014,19,Abu Dhabi Grand Prix,Yas Marina Circuit,Sauber,2014-11-23,1,7,23128,112375,14,9,15,0.0,0.0,2726.0,1230.0,7.0,55,48,0.12727272727272726,0.636,0.651,1.216940462844627,5,0,Undercut
808,918,821,15,24,2014,19,Abu Dhabi Grand Prix,Yas Marina Circuit,Sauber,2014-11-23,2,28,23270,112498,14,14,15,0.0,0.0,3295.0,1074.3333333333285,21.0,55,27,0.509090909090909,6.714,13.098,0.2005664780037276,0,0,Standard
817,926,3,131,1,2015,1,Australian Grand Prix,Albert Park Grand Prix Circuit,Mercedes,2015-03-15,1,26,22105,111568,2,1,2,0.0,0.0,19325.0,1077.0,26.0,58,32,0.4482758620689655,,0.859,,1,0,Standard
825,926,815,10,1,2015,1,Australian Grand Prix,Albert Park Grand Prix Circuit,Force India,2015-03-15,1,38,26009,120409,14,12,10,0.0,0.0,25538.0,613.0,38.0,58,20,0.6551724137931034,2.073,,,2,0,Standard
826,926,817,9,1,2015,1,Australian Grand Prix,Albert Park Grand Prix Circuit,Red Bull,2015-03-15,1,23,22535,113800,6,10,6,0.0,0.0,19809.0,550.6666666666715,23.0,58,35,0.39655172413793105,4.144,15.2,0.25612963922969106,-4,0,Standard
846,927,18,1,2,2015,2,Malaysian Grand Prix,Sepang International Circuit,McLaren,2015-03-29,1,4,33027,143593,17,15,17,0.0,0.0,33124.0,4174.3333333333285,4.0,56,52,0.07142857142857142,0.209,28.74,0.8607546072023152,2,1,Emergency
858,927,813,208,2,2015,2,Malaysian Grand Prix,Sepang International Circuit,Lotus F1,2015-03-29,2,18,37394,112960,12,16,16,0.0,0.0,5815.0,2135.3333333333285,17.0,56,38,0.32142857142857145,2.934,10.821,0.3387894162831461,-4,0,Standard
879,927,832,5,2,2015,2,Malaysian Grand Prix,Sepang International Circuit,Toro Rosso,2015-03-29,2,32,25165,112066,15,8,8,2.0,2.0,5280.0,1773.0,18.0,56,24,0.5714285714285714,9.189,5.518,0.25156635327203847,7,0,Standard
880,927,833,209,2,2015,2,Malaysian Grand Prix,Sepang International Circuit,Manor Marussia,2015-03-29,1,5,27540,144906,19,11,15,0.0,0.0,32671.0,8888.333333333328,5.0,56,51,0.08928571428571429,1.846,1.619,0.7331954684361028,8,1,Emergency
883,928,1,131,17,2015,3,Chinese Grand Prix,Shanghai International Circuit,Mercedes,2015-04-12,1,14,22645,108299,1,2,1,43.0,76.0,4610.0,318.6666666666715,14.0,56,42,0.25,1.054,5.492,0.6408906535254835,-1,0,Standard
898,928,154,208,17,2015,3,Chinese Grand Prix,Shanghai International Circuit,Lotus F1,2015-04-12,2,32,23605,110360,8,8,7,0.0,0.0,5099.0,977.6666666666715,20.0,56,24,0.5714285714285714,8.838,5.201,0.26291098836139826,0,0,Standard
913,928,830,5,17,2015,3,Chinese Grand Prix,Shanghai International Circuit,Toro Rosso,2015-04-12,1,12,24256,110270,13,9,17,6.0,12.0,4841.0,598.3333333333285,12.0,56,44,0.21428571428571427,0.903,2.879,0.7832844762689324,4,0,Undercut
919,928,833,209,17,2015,3,Chinese Grand Prix,Shanghai International Circuit,Manor Marussia,2015-04-12,1,17,25938,114809,20,17,16,0.0,0.0,6032.0,993.3333333333285,17.0,56,39,0.30357142857142855,24.645,13.333,0.10876302033367623,3,0,Standard
948,929,826,9,3,2015,4,Bahrain Grand Prix,Bahrain International Circuit,Red Bull,2015-04-19,1,15,25421,105467,17,8,9,2.0,13.0,4092.0,1457.0,15.0,57,42,0.2631578947368421,1.357,0.054,1.3730347408784362,9,0,Standard
967,930,3,131,4,2015,5,Spanish Grand Prix,Circuit de Barcelona-Catalunya,Mercedes,2015-05-10,1,15,21870,95740,1,1,1,66.0,159.0,4337.0,856.0,15.0,66,51,0.22727272727272727,,14.767,,0,0,Standard
974,930,13,3,4,2015,5,Spanish Grand Prix,Circuit de Barcelona-Catalunya,Williams,2015-05-10,3,47,22257,97032,9,6,6,31.0,61.0,5923.0,1290.6666666666715,15.0,66,19,0.7121212121212122,6.836,40.19,0.15189386799380006,3,0,Standard
983,930,807,10,4,2015,5,Spanish Grand Prix,Circuit de Barcelona-Catalunya,Force India,2015-05-10,2,26,22534,97880,17,14,15,6.0,11.0,4707.0,1047.6666666666715,16.0,66,40,0.3939393939393939,1.045,0.485,1.1623982284128984,3,0,Standard
989,930,815,10,4,2015,5,Spanish Grand Prix,Circuit de Barcelona-Catalunya,Force India,2015-05-10,2,36,22426,97204,18,16,13,5.0,11.0,4030.0,2066.3333333333285,17.0,66,30,0.5454545454545454,0.077,18.304,0.980307841962505,2,0,Undercut
990,930,817,9,4,2015,5,Spanish Grand Prix,Circuit de Barcelona-Catalunya,Red Bull,2015-05-10,1,13,22440,96742,10,9,7,19.0,23.0,3011.0,640.3333333333285,13.0,66,53,0.19696969696969696,0.675,1.317,1.0286075019808165,1,0,Undercut
1000,930,829,209,4,2015,5,Spanish Grand Prix,Circuit de Barcelona-Catalunya,Manor Marussia,2015-05-10,3,47,22796,100082,19,17,17,0.0,0.0,4721.0,341.0,15.0,66,19,0.7121212121212122,106.038,26.616,0.0455533687400563,2,0,Standard
1006,930,832,5,4,2015,5,Spanish Grand Prix,Circuit de Barcelona-Catalunya,Toro Rosso,2015-05-10,2,42,22178,96338,5,8,9,6.0,12.0,3190.0,194.0,28.0,66,24,0.6363636363636364,26.088,3.882,0.24175080028059728,-3,0,Overcut
1051,932,154,208,7,2015,7,Canadian Grand Prix,Circuit Gilles Villeneuve,Lotus F1,2015-06-07,1,27,24292,96425,5,7,10,16.0,16.0,17177.0,1373.0,27.0,70,43,0.38571428571428573,5.95,3.288,0.3770938473102115,-2,0,Standard
1071,933,807,10,70,2015,8,Austrian Grand Prix,Red Bull Ring,Force India,2015-06-21,1,25,21685,77980,5,6,6,10.0,21.0,4976.0,619.0,25.0,71,46,0.352112676056338,4.422,1.384,0.6038968755183333,-1,0,Standard
1072,933,813,208,70,2015,8,Austrian Grand Prix,Red Bull Ring,Lotus F1,2015-06-21,1,37,21847,77664,10,8,7,6.0,23.0,4202.0,682.6666666666715,37.0,71,34,0.5211267605633803,2.421,3.84,0.4989237596662327,2,0,Standard
1075,933,822,3,70,2015,8,Austrian Grand Prix,Red Bull Ring,Williams,2015-06-21,1,26,22777,76073,6,5,5,57.0,104.0,3133.0,252.66666666667152,26.0,71,45,0.36619718309859156,10.801,6.901,0.2113048389119137,1,0,Standard
1081,933,830,5,70,2015,8,Austrian Grand Prix,Red Bull Ring,Toro Rosso,2015-06-21,1,26,21984,77168,7,6,8,6.0,15.0,3959.0,670.0,26.0,71,45,0.36619718309859156,6.901,3.894,0.33089809233564504,1,0,Standard
1086,934,1,131,9,2015,9,British Grand Prix,Silverstone Circuit,Mercedes,2015-07-05,2,43,28979,101160,1,1,1,169.0,328.0,4067.0,5839.0,24.0,52,9,0.8269230769230769,,4.423,,0,0,Standard
1098,934,20,6,9,2015,9,British Grand Prix,Silverstone Circuit,Ferrari,2015-07-05,2,43,29676,102498,6,5,3,120.0,192.0,4791.0,4158.3333333333285,29.0,52,9,0.8269230769230769,3.09,12.709,0.3174435583070462,1,0,Standard
1125,936,3,131,11,2015,10,Hungarian Grand Prix,Hungaroring,Mercedes,2015-07-26,2,42,22013,95026,2,3,8,177.0,371.0,7143.0,251.33333333332848,22.0,69,27,0.6086956521739131,17.377,11.199,0.13638977818385636,-1,1,Standard
1132,936,4,1,11,2015,10,Hungarian Grand Prix,Hungaroring,McLaren,2015-07-26,4,44,16796,151240,15,11,5,1.0,5.0,62197.0,15763.333333333328,1.0,69,25,0.6376811594202898,1.508,2.051,0.7264854726429015,4,1,Standard
1140,936,13,3,11,2015,10,Hungarian Grand Prix,Hungaroring,Williams,2015-07-26,2,29,21915,93361,8,17,12,74.0,151.0,3674.0,1654.0,15.0,69,40,0.42028985507246375,5.362,19.792,0.2052786970153563,-9,0,Standard
1141,936,13,3,11,2015,10,Hungarian Grand Prix,Hungaroring,Williams,2015-07-26,3,44,16823,127878,8,12,12,74.0,151.0,39548.0,18388.33333333333,15.0,69,25,0.6376811594202898,2.051,2.191,0.6411427748540146,-4,1,Standard
1143,936,13,3,11,2015,10,Hungarian Grand Prix,Hungaroring,Williams,2015-07-26,5,54,21502,93557,8,11,12,74.0,151.0,5227.0,1294.3333333333285,9.0,69,15,0.782608695652174,2.022,1.145,0.7971071505154894,-3,0,Standard
1144,936,18,1,11,2015,10,Hungarian Grand Prix,Hungaroring,McLaren,2015-07-26,1,14,22231,93164,16,13,9,4.0,5.0,3160.0,355.3333333333285,14.0,69,55,0.2028985507246377,0.109,0.776,1.4647763182479143,3,0,Undercut
1154,936,154,208,11,2015,10,Hungarian Grand Prix,Hungaroring,Lotus F1,2015-07-26,3,42,23972,111239,10,12,7,17.0,29.0,22457.0,2905.0,8.0,69,27,0.6086956521739131,8.273,8.082,0.2179478712388437,-2,1,Emergency
1164,936,813,208,11,2015,10,Hungarian Grand Prix,Hungaroring,Lotus F1,2015-07-26,6,58,16446,92779,14,12,14,12.0,29.0,5545.0,1703.6666666666715,13.0,69,11,0.8405797101449275,0.026,1.438,1.3848311417501002,2,0,Standard
1167,936,815,10,11,2015,10,Hungarian Grand Prix,Hungaroring,Force India,2015-07-26,3,41,22574,97290,13,14,19,15.0,39.0,8652.0,1579.0,11.0,69,28,0.5942028985507246,7.707,1.953,0.45348879312903023,-1,0,Standard
1179,936,822,3,11,2015,10,Hungarian Grand Prix,Hungaroring,Williams,2015-07-26,5,49,30031,121356,6,13,13,77.0,151.0,32734.0,41527.66666666667,3.0,69,20,0.7101449275362319,5.612,2.889,0.4083756798029779,-7,0,Standard
1181,936,826,9,11,2015,10,Hungarian Grand Prix,Hungaroring,Red Bull,2015-07-26,2,33,21574,91945,7,9,2,27.0,63.0,2945.0,467.6666666666715,20.0,69,36,0.4782608695652174,0.794,3.613,0.7741922698708342,-2,0,Standard
1193,936,829,209,11,2015,10,Hungarian Grand Prix,Hungaroring,Manor Marussia,2015-07-26,4,44,17402,145072,20,18,16,0.0,0.0,54067.0,29564.33333333333,1.0,69,25,0.6376811594202898,137.404,8.997,0.10725523370718912,2,1,Standard
1196,936,830,5,11,2015,10,Hungarian Grand Prix,Hungaroring,Toro Rosso,2015-07-26,2,37,23431,92121,9,7,4,10.0,19.0,3652.0,917.6666666666715,23.0,69,32,0.5362318840579711,15.015,7.948,0.17419827829603757,2,0,Standard
1204,936,831,15,11,2015,10,Hungarian Grand Prix,Hungaroring,Sauber,2015-07-26,5,45,17235,144053,18,17,11,16.0,21.0,55735.0,29271.33333333333,1.0,69,24,0.6521739130434783,1.593,114.582,0.3943055492002136,1,1,Standard
1212,936,833,209,11,2015,10,Hungarian Grand Prix,Hungaroring,Manor Marussia,2015-07-26,4,43,18085,103997,19,19,15,0.0,0.0,12632.0,23015.66666666667,2.0,69,26,0.6231884057971014,10.185,,,0,1,Standard
1214,937,1,131,13,2015,11,Belgian Grand Prix,Circuit de Spa-Francorchamps,Mercedes,2015-08-23,1,13,22403,121494,1,1,1,202.0,383.0,5772.0,1277.0,13.0,43,30,0.3023255813953488,,10.002,,0,0,Standard
1230,937,154,208,13,2015,11,Belgian Grand Prix,Circuit de Spa-Francorchamps,Lotus F1,2015-08-23,2,21,23493,143889,9,3,3,23.0,35.0,28498.0,575.0,12.0,43,22,0.4883720930232558,21.545,3.027,0.2926795472322744,6,1,Standard
1232,937,815,10,13,2015,11,Belgian Grand Prix,Circuit de Spa-Francorchamps,Force India,2015-08-23,2,20,22918,123737,4,5,5,15.0,39.0,7540.0,958.3333333333285,12.0,43,23,0.46511627906976744,3.189,3.42,0.46496480223468273,-1,0,Standard
1239,937,828,15,13,2015,11,Belgian Grand Prix,Circuit de Spa-Francorchamps,Sauber,2015-08-23,1,9,24183,123476,13,11,10,6.0,22.0,5303.0,905.3333333333285,9.0,43,34,0.20930232558139536,5.88,2.792,0.40906191737807873,2,0,Standard
1240,937,828,15,13,2015,11,Belgian Grand Prix,Circuit de Spa-Francorchamps,Sauber,2015-08-23,2,28,23684,121677,13,11,10,6.0,22.0,4785.0,285.3333333333285,19.0,43,15,0.6511627906976745,17.45,14.777,0.11758394822967055,2,0,Standard
1243,937,830,5,13,2015,11,Belgian Grand Prix,Circuit de Spa-Francorchamps,Toro Rosso,2015-08-23,1,9,24564,123130,18,10,8,22.0,31.0,6479.0,1664.6666666666715,9.0,43,34,0.20930232558139536,0.683,5.88,0.7395259019746024,8,0,Undercut
1267,938,830,5,14,2015,12,Italian Grand Prix,Autodromo Nazionale di Monza,Toro Rosso,2015-09-06,1,1,18818,106853,20,19,12,26.0,35.0,0.0,0.0,1.0,53,52,0.018867924528301886,2.538,33.039,0.3120236288003431,1,0,Standard
1275,939,1,131,15,2015,13,Singapore Grand Prix,Marina Bay Street Circuit,Mercedes,2015-09-20,1,13,28917,132183,5,4,18,252.0,451.0,19594.0,495.3333333333285,13.0,61,48,0.21311475409836064,6.003,8.301,0.2503112655284065,1,1,Emergency
1306,939,829,209,15,2015,13,Singapore Grand Prix,Marina Bay Street Circuit,Manor Marussia,2015-09-20,1,14,30398,155605,19,17,15,0.0,0.0,37757.0,11618.0,14.0,61,47,0.22950819672131148,2.037,16.73,0.38567388744309933,2,1,Emergency
1313,939,832,5,15,2015,13,Singapore Grand Prix,Marina Bay Street Circuit,Toro Rosso,2015-09-20,2,28,29742,122284,14,14,9,9.0,35.0,8387.0,532.0,18.0,61,33,0.45901639344262296,1.172,2.981,0.711598324083596,0,0,Standard
1318,940,1,131,22,2015,14,Japanese Grand Prix,Suzuka Circuit,Mercedes,2015-09-27,2,31,23165,101511,2,1,1,252.0,463.0,3550.0,1317.3333333333285,15.0,53,22,0.5849056603773585,,29.761,,1,0,Standard
1323,940,8,6,22,2015,14,Japanese Grand Prix,Suzuka Circuit,Ferrari,2015-09-27,1,14,23714,102914,6,3,4,107.0,310.0,2649.0,182.66666666667152,14.0,53,39,0.2641509433962264,5.875,10.802,0.23018594691192557,3,0,Standard
1328,940,18,1,22,2015,14,Japanese Grand Prix,Suzuka Circuit,McLaren,2015-09-27,1,10,23343,105095,14,12,16,6.0,17.0,2455.0,358.6666666666715,10.0,53,43,0.18867924528301888,0.793,8.397,0.6641414256819513,2,0,Undercut
1338,940,813,208,22,2015,14,Japanese Grand Prix,Suzuka Circuit,Lotus F1,2015-09-27,2,36,23249,103928,11,6,8,12.0,50.0,3997.0,1466.6666666666715,24.0,53,17,0.6792452830188679,20.17,0.936,0.5637655812646151,5,0,Standard
1339,940,815,10,22,2015,14,Japanese Grand Prix,Suzuka Circuit,Force India,2015-09-27,1,1,25041,115775,9,18,12,39.0,69.0,0.0,0.0,1.0,53,52,0.018867924528301886,3.555,42.921,0.24230712007595917,-9,0,Standard
1355,940,830,5,22,2015,14,Japanese Grand Prix,Suzuka Circuit,Toro Rosso,2015-09-27,2,30,23977,103443,17,9,9,30.0,41.0,3538.0,1014.3333333333285,21.0,53,23,0.5660377358490566,28.989,4.489,0.2155281069506867,8,0,Standard
1387,942,4,1,69,2015,16,United States Grand Prix,Circuit of the Americas,McLaren,2015-10-25,3,26,25405,109447,9,12,11,11.0,19.0,3526.0,282.0,8.0,56,30,0.4642857142857143,26.15,109.627,0.04587179712171678,-3,0,Standard
1396,942,20,6,69,2015,16,United States Grand Prix,Circuit of the Americas,Ferrari,2015-10-25,3,43,24158,126817,13,3,3,236.0,359.0,23414.0,425.6666666666715,16.0,56,13,0.7678571428571429,0.409,9.307,0.8067446496875241,10,1,Standard
1402,942,813,208,69,2015,16,United States Grand Prix,Circuit of the Americas,Lotus F1,2015-10-25,2,27,25446,134201,12,11,8,22.0,66.0,26309.0,843.3333333333285,9.0,56,29,0.48214285714285715,45.114,58.25,0.03856302551610767,1,0,Standard
1408,942,817,9,69,2015,16,United States Grand Prix,Circuit of the Americas,Red Bull,2015-10-25,3,50,24495,108910,3,11,10,73.0,149.0,5412.0,2688.3333333333285,12.0,56,6,0.8928571428571429,0.567,10.564,0.7246373612449967,-8,0,Standard
1416,942,830,5,69,2015,16,United States Grand Prix,Circuit of the Americas,Toro Rosso,2015-10-25,2,28,24904,136044,8,5,4,33.0,45.0,30441.0,4196.3333333333285,10.0,56,28,0.5,0.523,10.991,0.7399946983656432,3,1,Emergency
1446,943,817,9,32,2015,17,Mexican Grand Prix,Autódromo Hermanos Rodríguez,Red Bull,2015-11-01,2,52,22488,102371,5,5,5,74.0,150.0,19712.0,487.3333333333285,28.0,71,19,0.7323943661971831,14.179,2.895,0.3226199022854442,0,1,Standard
1458,943,831,15,32,2015,17,Mexican Grand Prix,Autódromo Hermanos Rodríguez,Sauber,2015-11-01,1,12,23026,91267,15,13,17,27.0,36.0,4680.0,1194.3333333333285,12.0,71,59,0.16901408450704225,0.388,4.96,0.8882463300001935,2,0,Undercut
1460,943,831,15,32,2015,17,Mexican Grand Prix,Autódromo Hermanos Rodríguez,Sauber,2015-11-01,3,51,23813,105727,15,14,17,27.0,36.0,22377.0,263.0,7.0,71,20,0.7183098591549296,33.42,19.879,0.0769478903637764,1,0,Standard
1465,943,834,209,32,2015,17,Mexican Grand Prix,Autódromo Hermanos Rodríguez,Manor Marussia,2015-11-01,2,50,30442,115668,16,18,15,0.0,0.0,29755.0,612.3333333333285,23.0,71,21,0.704225352112676,3.585,,,-2,0,Standard
1470,944,3,131,18,2015,18,Brazilian Grand Prix,Autódromo José Carlos Pace,Mercedes,2015-11-15,2,33,23321,82486,1,2,1,272.0,617.0,6461.0,453.3333333333285,20.0,71,38,0.4647887323943662,2.154,17.078,0.37237355802583927,-1,0,Standard
1481,944,18,1,18,2015,18,Brazilian Grand Prix,Autódromo José Carlos Pace,McLaren,2015-11-15,2,31,24265,83482,16,16,14,16.0,27.0,5473.0,676.6666666666715,19.0,71,40,0.43661971830985913,0.569,9.495,0.7326320980186929,0,0,Standard
1482,944,18,1,18,2015,18,Brazilian Grand Prix,Autódromo José Carlos Pace,McLaren,2015-11-15,3,51,23402,81990,16,15,14,16.0,27.0,4944.0,721.0,20.0,71,20,0.7183098591549296,0.064,0.937,1.4561118852888546,1,0,Standard
1487,944,154,208,18,2015,18,Brazilian Grand Prix,Autódromo José Carlos Pace,Lotus F1,2015-11-15,2,35,23787,83271,14,9,8,45.0,71.0,5815.0,1522.0,25.0,71,36,0.49295774647887325,12.608,4.993,0.2403475228252283,5,0,Standard
1522,945,4,1,24,2015,19,Abu Dhabi Grand Prix,Yas Marina Circuit,McLaren,2015-11-29,4,47,22377,111481,16,17,17,11.0,27.0,3358.0,1239.6666666666715,30.0,55,8,0.8545454545454545,47.761,91.233,0.031350299427544984,-1,0,Standard
1531,945,154,208,24,2015,19,Abu Dhabi Grand Prix,Yas Marina Circuit,Lotus F1,2015-11-29,1,23,22203,111364,18,7,9,49.0,76.0,2541.0,233.66666666667152,23.0,55,32,0.41818181818181815,1.424,3.926,0.6155457202236667,11,0,Standard
1563,948,8,6,1,2016,1,Australian Grand Prix,Albert Park Grand Prix Circuit,Ferrari,2016-03-20,2,18,1089365,188276,4,3,18,0.0,0.0,96385.0,13517.666666666672,2.0,57,39,0.3157894736842105,2.633,11.405,0.35586726670174745,1,1,Emergency
1564,948,13,3,1,2016,1,Australian Grand Prix,Albert Park Grand Prix Circuit,Williams,2016-03-20,1,11,21550,111982,6,13,5,0.0,0.0,19055.0,1905.3333333333285,11.0,57,46,0.19298245614035087,4.681,2.25,0.4837176553423693,-7,0,Standard
1567,948,18,1,1,2016,1,Australian Grand Prix,Albert Park Grand Prix Circuit,McLaren,2016-03-20,2,18,1084466,1223874,12,15,14,0.0,0.0,1129893.0,18259.33333333333,3.0,57,39,0.3157894736842105,2.341,1.547,0.6919303505353471,-3,1,Emergency
1570,948,20,6,1,2016,1,Australian Grand Prix,Albert Park Grand Prix Circuit,Ferrari,2016-03-20,2,18,1089312,201551,3,1,3,0.0,0.0,110794.0,3239.3333333333285,5.0,57,39,0.3157894736842105,,2.872,,2,1,Emergency
1584,948,825,4,1,2016,1,Australian Grand Prix,Albert Park Grand Prix Circuit,Renault,2016-03-20,3,17,946318,729123,14,19,12,0.0,0.0,634403.0,14688.666666666672,1.0,57,40,0.2982456140350877,180.0,,,-5,1,Emergency
1589,948,830,5,1,2016,1,Australian Grand Prix,Albert Park Grand Prix Circuit,Toro Rosso,2016-03-20,2,18,1089372,189398,5,5,10,0.0,0.0,97619.0,5697.3333333333285,5.0,57,39,0.3157894736842105,1.572,180.0,0.39432735021437837,0,1,Emergency
1592,948,831,15,1,2016,1,Australian Grand Prix,Albert Park Grand Prix Circuit,Sauber,2016-03-20,2,18,1082337,1222819,17,16,15,0.0,0.0,1129299.0,10545.666666666672,8.0,57,39,0.3157894736842105,1.547,2.174,0.7076786285507322,1,1,Emergency
1602,949,1,131,3,2016,2,Bahrain Grand Prix,Bahrain International Circuit,Mercedes,2016-04-03,1,13,24512,103018,1,2,3,18.0,43.0,4989.0,1332.0,13.0,57,44,0.22807017543859648,18.584,14.639,0.11500479883749651,-1,0,Standard
1607,949,3,131,3,2016,2,Bahrain Grand Prix,Bahrain International Circuit,Mercedes,2016-04-03,3,39,25761,99070,2,1,1,25.0,43.0,3609.0,1298.3333333333285,9.0,57,18,0.6842105263157895,,13.852,,1,0,Standard
1612,949,13,3,3,2016,2,Bahrain Grand Prix,Bahrain International Circuit,Williams,2016-04-03,2,29,24236,104024,7,6,8,10.0,14.0,5806.0,2834.0,22.0,57,28,0.5087719298245614,0.88,4.718,0.706801217506493,1,0,Standard
1615,949,154,210,3,2016,2,Bahrain Grand Prix,Bahrain International Circuit,Haas F1 Team,2016-04-03,3,40,30063,101445,9,5,5,8.0,8.0,4160.0,712.6666666666715,13.0,57,17,0.7017543859649122,10.597,5.182,0.24798914544299056,4,0,Standard
1621,949,815,10,3,2016,2,Bahrain Grand Prix,Bahrain International Circuit,Force India,2016-04-03,2,14,25068,106811,18,14,16,0.0,6.0,9427.0,4692.0,12.0,57,43,0.24561403508771928,1.079,1.142,0.9478538890303596,4,0,Undercut
1623,949,817,9,3,2016,2,Bahrain Grand Prix,Bahrain International Circuit,Red Bull,2016-04-03,1,6,24541,103243,5,7,4,12.0,12.0,4791.0,900.3333333333285,6.0,57,51,0.10526315789473684,0.908,1.178,0.9832458374482389,-2,0,Undercut
1632,949,825,4,3,2016,2,Bahrain Grand Prix,Bahrain International Circuit,Renault,2016-04-03,3,38,24341,101776,22,10,11,0.0,0.0,4670.0,2432.0,14.0,57,19,0.6666666666666666,12.485,2.424,0.3662125449183759,12,0,Standard
1633,949,826,9,3,2016,2,Bahrain Grand Prix,Bahrain International Circuit,Red Bull,2016-04-03,1,16,24419,106047,15,8,7,0.0,12.0,6881.0,2585.0,16.0,57,41,0.2807017543859649,1.989,5.589,0.4863281518753363,7,0,Standard
1648,949,836,209,3,2016,2,Bahrain Grand Prix,Bahrain International Circuit,Manor Marussia,2016-04-03,3,41,25419,102322,16,12,13,0.0,0.0,5420.0,1695.3333333333285,12.0,57,16,0.7192982456140351,3.755,3.223,0.4471034266558402,4,0,Standard
1658,950,1,131,17,2016,3,Chinese Grand Prix,Shanghai International Circuit,Mercedes,2016-04-17,4,21,22626,109277,22,5,7,33.0,83.0,7984.0,2585.0,15.0,56,35,0.375,1.907,0.144,1.2181231221478899,17,0,Standard
1666,950,8,6,17,2016,3,Chinese Grand Prix,Shanghai International Circuit,Ferrari,2016-04-17,3,37,22832,108206,3,5,5,18.0,33.0,6628.0,1092.0,23.0,56,19,0.6607142857142857,8.338,2.179,0.4216536408917727,-2,0,Standard
1669,950,18,1,17,2016,3,Chinese Grand Prix,Shanghai International Circuit,McLaren,2016-04-17,1,4,24072,119946,12,8,13,0.0,1.0,16330.0,1924.0,4.0,56,52,0.07142857142857142,0.496,0.665,1.2690497984615632,4,0,Undercut
1676,950,154,210,17,2016,3,Chinese Grand Prix,Shanghai International Circuit,Haas F1 Team,2016-04-17,2,20,24615,111924,14,17,19,18.0,18.0,8834.0,2449.0,19.0,56,36,0.35714285714285715,1.865,3.461,0.5732051250453318,-3,0,Standard
1682,950,807,10,17,2016,3,Chinese Grand Prix,Shanghai International Circuit,Force India,2016-04-17,4,46,22790,108521,13,14,15,6.0,6.0,6211.0,953.0,20.0,56,10,0.8214285714285714,3.762,2.571,0.4900294041164822,-1,0,Standard
1687,950,817,9,17,2016,3,Chinese Grand Prix,Shanghai International Circuit,Red Bull,2016-04-17,2,19,22461,108072,2,7,4,24.0,30.0,5763.0,1598.6666666666715,16.0,56,37,0.3392857142857143,0.838,0.346,1.2870116914340963,-5,0,Standard
1693,950,822,3,17,2016,3,Chinese Grand Prix,Shanghai International Circuit,Williams,2016-04-17,2,21,22630,109039,5,2,10,6.0,20.0,5654.0,441.0,17.0,56,35,0.375,9.418,2.016,0.42755270031006326,3,0,Standard
1718,950,837,209,17,2016,3,Chinese Grand Prix,Shanghai International Circuit,Manor Marussia,2016-04-17,1,18,23183,111963,20,20,21,0.0,0.0,6206.0,1278.0,18.0,56,38,0.32142857142857145,0.649,2.35,0.9049356009521826,0,0,Standard
1725,951,13,3,71,2016,4,Russian Grand Prix,Sochi Autodrom,Williams,2016-05-01,1,18,29551,109401,4,3,5,22.0,29.0,6729.0,996.6666666666715,18.0,53,35,0.33962264150943394,13.247,0.431,0.7690022350506981,1,0,Standard
1749,952,8,6,4,2016,5,Spanish Grand Prix,Circuit de Barcelona-Catalunya,Ferrari,2016-05-15,1,12,22107,94516,5,3,2,43.0,76.0,3803.0,580.3333333333285,12.0,66,54,0.18181818181818182,6.929,2.541,0.40852540883794686,2,0,Standard
1757,952,20,6,4,2016,5,Spanish Grand Prix,Circuit de Barcelona-Catalunya,Ferrari,2016-05-15,2,29,22617,93773,6,3,3,33.0,76.0,4013.0,1036.3333333333285,14.0,66,37,0.4393939393939394,0.651,14.252,0.6712586908600959,3,0,Standard
1764,952,815,10,4,2016,5,Spanish Grand Prix,Circuit de Barcelona-Catalunya,Force India,2016-05-15,2,35,21918,96011,9,7,7,2.0,8.0,4495.0,894.0,26.0,66,31,0.5303030303030303,12.454,3.145,0.3155818611170834,2,0,Standard
1772,952,822,3,4,2016,5,Spanish Grand Prix,Circuit de Barcelona-Catalunya,Williams,2016-05-15,2,39,22443,95603,7,5,5,19.0,51.0,5007.0,1186.0,27.0,66,27,0.5909090909090909,14.594,21.76,0.10806395952839326,2,0,Standard
1792,952,837,209,4,2016,5,Spanish Grand Prix,Circuit de Barcelona-Catalunya,Manor Marussia,2016-05-15,1,22,28753,98024,22,19,17,0.0,0.0,4922.0,1256.6666666666715,22.0,66,44,0.3333333333333333,6.801,,,3,0,Standard
1813,953,821,210,6,2016,6,Monaco Grand Prix,Circuit de Monaco,Haas F1 Team,2016-05-29,1,16,26044,114901,12,10,11,0.0,22.0,16010.0,488.3333333333285,16.0,78,62,0.20512820512820512,8.397,2.428,0.39813222745807925,2,0,Standard
1831,953,831,15,6,2016,6,Monaco Grand Prix,Circuit de Monaco,Sauber,2016-05-29,2,32,27166,113427,0,14,17,0.0,0.0,20301.0,761.0,24.0,78,46,0.41025641025641024,17.613,1.637,0.43294469975957406,-14,0,Standard
1835,953,836,209,6,2016,6,Monaco Grand Prix,Circuit de Monaco,Manor Marussia,2016-05-29,1,31,26517,111705,20,15,14,0.0,0.0,17911.0,110.0,31.0,78,47,0.3974358974358974,10.671,4.892,0.25540411728364143,5,0,Overcut
1866,954,830,9,7,2016,7,Canadian Grand Prix,Circuit Gilles Villeneuve,Red Bull,2016-06-12,2,46,22909,93522,5,5,4,38.0,112.0,16109.0,378.6666666666715,26.0,70,24,0.6571428571428571,11.639,3.752,0.2895578939965363,0,0,Standard
1867,954,831,15,7,2016,7,Canadian Grand Prix,Circuit Gilles Villeneuve,Sauber,2016-06-12,1,9,23987,98408,18,22,18,0.0,0.0,17631.0,708.6666666666715,9.0,70,61,0.12857142857142856,23.833,,,-4,0,Standard
1872,954,836,209,7,2016,7,Canadian Grand Prix,Circuit Gilles Villeneuve,Manor Marussia,2016-06-12,2,38,24516,97412,17,17,17,0.0,0.0,18225.0,845.3333333333285,27.0,70,32,0.5428571428571428,19.323,5.617,0.20033122172278145,0,0,Standard
1883,955,18,1,73,2016,8,European Grand Prix,Baku City Circuit,McLaren,2016-06-19,2,25,20640,115758,19,12,11,5.0,24.0,5627.0,1677.0,19.0,51,26,0.49019607843137253,2.972,0.333,1.001949883241203,7,0,Standard
1894,955,825,4,73,2016,8,European Grand Prix,Baku City Circuit,Renault,2016-06-19,1,6,20772,118196,22,17,14,6.0,6.0,5830.0,1198.3333333333285,6.0,51,45,0.11764705882352941,1.424,5.695,0.5619064520342998,5,0,Standard
1897,955,828,15,73,2016,8,European Grand Prix,Baku City Circuit,Sauber,2016-06-19,2,25,20559,117002,20,20,17,0.0,0.0,6740.0,792.6666666666715,9.0,51,26,0.49019607843137253,2.921,14.614,0.3190820681039227,0,0,Standard
1919,956,4,1,70,2016,9,Austrian Grand Prix,Red Bull Ring,McLaren,2016-07-03,4,29,18194,121943,14,13,18,18.0,24.0,50294.0,25542.0,1.0,71,42,0.4084507042253521,1.268,0.997,0.9416682342738094,1,1,Undercut
1927,956,18,1,70,2016,9,Austrian Grand Prix,Red Bull Ring,McLaren,2016-07-03,1,9,22859,77158,3,7,6,5.0,24.0,5194.0,812.6666666666715,9.0,71,62,0.1267605633802817,2.639,4.375,0.46084728107006145,-4,0,Standard
1946,956,817,9,70,2016,9,Austrian Grand Prix,Red Bull Ring,Red Bull,2016-07-03,4,60,22284,74102,5,5,5,78.0,140.0,4192.0,789.6666666666715,31.0,71,11,0.8450704225352113,6.091,16.844,0.19706507938510065,0,0,Overcut
1953,956,822,3,70,2016,9,Austrian Grand Prix,Red Bull Ring,Williams,2016-07-03,3,29,17800,125037,7,6,9,52.0,90.0,53312.0,22126.66666666667,1.0,71,42,0.4084507042253521,1.298,1.882,0.7821422725853395,1,1,Undercut
1957,956,825,4,70,2016,9,Austrian Grand Prix,Red Bull Ring,Renault,2016-07-03,3,29,19611,121705,17,10,14,6.0,6.0,49888.0,21807.33333333333,1.0,71,42,0.4084507042253521,1.116,0.9,0.9989055815341756,7,1,Emergency
1964,956,830,9,70,2016,9,Austrian Grand Prix,Red Bull Ring,Red Bull,2016-07-03,2,28,17165,128948,8,3,2,54.0,140.0,58593.0,9877.0,13.0,71,43,0.39436619718309857,1.267,1.681,0.8141067522981487,5,1,Standard
1966,956,831,15,70,2016,9,Austrian Grand Prix,Red Bull Ring,Sauber,2016-07-03,1,28,20929,99075,21,7,13,0.0,0.0,27048.0,12381.0,28.0,71,43,0.39436619718309857,1.721,1.074,0.8496720212837969,14,1,Standard
1972,956,835,4,70,2016,9,Austrian Grand Prix,Red Bull Ring,Renault,2016-07-03,1,12,21745,76672,19,10,12,0.0,6.0,4190.0,1502.6666666666715,12.0,71,59,0.16901408450704225,1.051,0.359,1.2234022133893299,9,0,Undercut
1994,957,13,3,9,2016,10,British Grand Prix,Silverstone Circuit,Williams,2016-07-10,2,16,29403,109223,12,8,11,38.0,92.0,-5257.0,315.6666666666715,10.0,52,36,0.3076923076923077,8.216,2.567,0.388854575506962,4,0,Standard
2012,957,825,4,9,2016,10,British Grand Prix,Silverstone Circuit,Renault,2016-07-10,1,5,30804,154451,16,15,17,6.0,6.0,-15276.0,2391.0,5.0,52,47,0.09615384615384616,0.397,1.141,1.1828910753910846,1,0,Undercut
2025,957,835,4,9,2016,10,British Grand Prix,Silverstone Circuit,Renault,2016-07-10,1,6,29784,120266,18,9,18,0.0,6.0,-35375.0,10437.0,6.0,52,46,0.11538461538461539,4.606,1.923,0.5204945729790268,9,0,Standard
2041,958,18,1,11,2016,11,Hungarian Grand Prix,Hungaroring,McLaren,2016-07-24,1,7,22229,89877,8,22,22,13.0,32.0,1448.0,6868.3333333333285,7.0,70,63,0.1,6.397,,,-14,0,Standard
2047,958,154,210,11,2016,11,Hungarian Grand Prix,Hungaroring,Haas F1 Team,2016-07-24,2,36,22303,89379,11,14,14,28.0,28.0,2424.0,124.66666666667152,22.0,70,34,0.5142857142857142,4.113,1.4,0.6122465610535237,-3,0,Standard
2048,958,807,10,11,2016,11,Hungarian Grand Prix,Hungaroring,Force India,2016-07-24,1,14,22014,91792,9,11,10,26.0,73.0,4138.0,445.3333333333285,14.0,70,56,0.2,0.915,0.539,1.1719657910853916,-2,0,Undercut
2066,958,830,9,11,2016,11,Hungarian Grand Prix,Hungaroring,Red Bull,2016-07-24,2,38,21687,88689,4,4,5,90.0,198.0,2987.0,623.6666666666715,22.0,70,32,0.5428571428571428,13.252,0.576,0.7046833572917364,0,0,Standard
2067,958,831,15,11,2016,11,Hungarian Grand Prix,Hungaroring,Sauber,2016-07-24,1,11,22778,90576,16,15,17,0.0,0.0,2561.0,97.0,11.0,70,59,0.15714285714285714,0.651,2.952,0.8587299563263094,1,0,Undercut
2073,958,836,209,11,2016,11,Hungarian Grand Prix,Hungaroring,Manor Marussia,2016-07-24,1,9,23486,91023,20,17,19,1.0,1.0,2521.0,179.33333333332848,9.0,70,61,0.12857142857142856,1.179,0.167,1.3158241420303567,3,0,Undercut
2075,958,837,209,11,2016,11,Hungarian Grand Prix,Hungaroring,Manor Marussia,2016-07-24,1,29,24254,93022,21,20,21,0.0,1.0,4303.0,719.3333333333285,29.0,70,41,0.4142857142857143,1.561,0.103,1.2970907853806823,1,0,Standard
2093,959,20,6,10,2016,12,German Grand Prix,Hockenheimring,Ferrari,2016-07-31,1,13,19230,84884,6,3,5,110.0,224.0,3666.0,427.0,13.0,67,54,0.19402985074626866,1.041,6.932,0.6160275126423695,3,0,Undercut
2095,959,20,6,10,2016,12,German Grand Prix,Hockenheimring,Ferrari,2016-07-31,3,46,19000,83867,6,3,5,110.0,224.0,4047.0,612.0,15.0,67,21,0.6865671641791045,11.183,1.295,0.5178114365941183,3,0,Standard
2119,959,830,9,10,2016,12,German Grand Prix,Hockenheimring,Red Bull,2016-07-31,2,28,19137,84241,4,3,3,100.0,223.0,3821.0,1006.0,17.0,67,39,0.417910447761194,0.806,6.431,0.6882812461578974,1,0,Standard
2120,959,830,9,10,2016,12,German Grand Prix,Hockenheimring,Red Bull,2016-07-31,3,45,18967,84054,4,3,3,100.0,223.0,3928.0,552.0,17.0,67,22,0.6716417910447762,6.379,4.703,0.3108660270791827,1,0,Standard
2121,959,831,15,10,2016,12,German Grand Prix,Hockenheimring,Sauber,2016-07-31,1,7,29865,87263,21,21,21,0.0,0.0,4453.0,646.0,7.0,67,60,0.1044776119402985,0.135,11.813,0.9591030035230601,0,0,Undercut
2123,959,831,15,10,2016,12,German Grand Prix,Hockenheimring,Sauber,2016-07-31,3,42,19755,86891,21,20,21,0.0,0.0,5140.0,1820.0,23.0,67,25,0.6268656716417911,10.84,7.879,0.19708475510086051,1,0,Standard
2126,959,832,5,10,2016,12,German Grand Prix,Hockenheimring,Toro Rosso,2016-07-31,3,51,19547,86105,15,12,14,30.0,45.0,5290.0,764.6666666666715,22.0,67,16,0.7611940298507462,13.51,0.382,0.7925069890419402,3,0,Standard
2139,960,3,131,13,2016,13,Belgian Grand Prix,Circuit de Spa-Francorchamps,Mercedes,2016-08-28,1,9,996150,182739,1,1,1,198.0,415.0,68765.0,45739.0,9.0,44,35,0.20454545454545456,,0.866,,0,1,Emergency
2148,960,13,3,13,2016,13,Belgian Grand Prix,Circuit de Spa-Francorchamps,Williams,2016-08-28,2,9,1000664,182101,10,6,10,38.0,96.0,66527.0,38970.66666666666,7.0,44,35,0.20454545454545456,1.147,1.368,0.888063482672239,4,1,Emergency
2149,960,13,3,13,2016,13,Belgian Grand Prix,Circuit de Spa-Francorchamps,Williams,2016-08-28,3,22,22515,120387,10,7,10,38.0,96.0,5785.0,1289.6666666666715,13.0,44,22,0.5,1.52,1.803,0.7535860104536523,3,0,Standard
2154,960,154,210,13,2016,13,Belgian Grand Prix,Circuit de Spa-Francorchamps,Haas F1 Team,2016-08-28,2,9,999366,184657,11,10,13,28.0,28.0,68244.0,42560.66666666666,3.0,44,35,0.20454545454545456,1.846,1.773,0.711990611201935,1,1,Emergency
2158,960,807,10,13,2016,13,Belgian Grand Prix,Circuit de Spa-Francorchamps,Force India,2016-08-28,3,23,24015,120297,7,3,4,33.0,81.0,6421.0,1904.6666666666715,14.0,44,21,0.5227272727272727,17.512,0.497,0.72202168670386,4,0,Standard
2163,960,817,9,13,2016,13,Belgian Grand Prix,Circuit de Spa-Francorchamps,Red Bull,2016-08-28,2,25,22531,119645,5,2,2,133.0,256.0,7184.0,2784.0,16.0,44,19,0.5681818181818182,15.859,15.651,0.11937195220580718,3,0,Standard
2173,960,830,9,13,2016,13,Belgian Grand Prix,Circuit de Spa-Francorchamps,Red Bull,2016-08-28,1,1,31235,129574,2,16,11,115.0,256.0,0.0,0.0,1.0,44,43,0.022727272727272728,1.378,1.178,0.8796582693669627,-14,0,Undercut
2191,961,4,1,14,2016,14,Italian Grand Prix,Autodromo Nazionale di Monza,McLaren,2016-09-04,3,49,24082,91473,12,13,14,30.0,48.0,4523.0,473.0,16.0,53,4,0.9245283018867925,7.328,10.254,0.20893414436741203,-1,0,Standard
2195,961,13,3,14,2016,14,Italian Grand Prix,Autodromo Nazionale di Monza,Williams,2016-09-04,2,36,23822,93334,11,7,9,39.0,101.0,5865.0,1273.6666666666715,20.0,53,17,0.6792452830188679,3.189,4.074,0.4358036274406391,4,0,Standard
2206,961,817,9,14,2016,14,Italian Grand Prix,Autodromo Nazionale di Monza,Red Bull,2016-09-04,2,37,23633,92059,6,4,5,151.0,274.0,4758.0,195.33333333332848,21.0,53,16,0.6981132075471698,2.035,4.081,0.526300942847777,2,0,Standard
2253,962,817,9,15,2016,15,Singapore Grand Prix,Marina Bay Street Circuit,Red Bull,2016-09-18,2,15,28890,119762,2,2,2,161.0,290.0,8145.0,208.66666666667152,14.0,61,46,0.2459016393442623,15.437,0.613,0.6808011547292805,0,0,Standard
2257,962,821,210,15,2016,15,Singapore Grand Prix,Marina Bay Street Circuit,Haas F1 Team,2016-09-18,2,18,30307,121379,13,7,11,0.0,28.0,7795.0,1091.3333333333285,17.0,61,43,0.29508196721311475,5.245,0.324,0.9154151115454296,6,0,Standard
2263,962,825,4,15,2016,15,Singapore Grand Prix,Marina Bay Street Circuit,Renault,2016-09-18,1,1,25816,174238,15,10,10,6.0,6.0,0.0,0.0,1.0,61,60,0.01639344262295082,1.122,2.079,0.7960343073797477,5,0,Undercut
2269,962,828,15,15,2016,15,Singapore Grand Prix,Marina Bay Street Circuit,Sauber,2016-09-18,1,1,26135,176317,14,11,17,0.0,0.0,0.0,0.0,1.0,61,60,0.01639344262295082,2.079,0.946,0.8386553875722786,3,0,Undercut
2270,962,828,15,15,2016,15,Singapore Grand Prix,Marina Bay Street Circuit,Sauber,2016-09-18,2,8,29706,121476,14,14,17,0.0,0.0,7457.0,186.33333333332848,7.0,61,53,0.13114754098360656,3.361,2.204,0.5414150678998191,0,0,Standard
2278,962,831,15,15,2016,15,Singapore Grand Prix,Marina Bay Street Circuit,Sauber,2016-09-18,2,17,30297,121478,16,12,13,0.0,0.0,8017.0,1790.0,16.0,61,44,0.2786885245901639,2.579,2.017,0.6108627436053664,4,0,Standard
2282,962,832,5,15,2016,15,Singapore Grand Prix,Marina Bay Street Circuit,Toro Rosso,2016-09-18,3,27,29320,124955,6,14,14,30.0,45.0,12045.0,527.6666666666715,20.0,61,34,0.4426229508196721,2.76,7.296,0.38649746609491376,-8,0,Standard
2284,962,835,4,15,2016,15,Singapore Grand Prix,Marina Bay Street Circuit,Renault,2016-09-18,1,1,25211,190706,18,19,15,0.0,6.0,0.0,0.0,1.0,61,60,0.01639344262295082,1.819,1.415,0.7688143968354342,-1,0,Undercut
2300,963,4,1,2,2016,16,Malaysian Grand Prix,Sepang International Circuit,McLaren,2016-10-02,3,40,23920,124315,22,8,7,36.0,54.0,24732.0,371.3333333333285,13.0,56,16,0.7142857142857143,5.487,6.952,0.27990898993467506,14,1,Standard
2307,963,18,1,2,2016,16,Malaysian Grand Prix,Sepang International Circuit,McLaren,2016-10-02,1,9,24738,140484,9,7,9,17.0,54.0,38752.0,150.0,9.0,56,47,0.16071428571428573,1.839,0.903,0.877722777683482,2,1,Emergency
2320,963,825,4,2,2016,16,Malaysian Grand Prix,Sepang International Circuit,Renault,2016-10-02,1,1,30679,158000,14,20,20,7.0,7.0,0.0,0.0,1.0,56,55,0.017857142857142856,9.339,1.075,0.5786488637595162,-6,0,Standard
2323,963,826,5,2,2016,16,Malaysian Grand Prix,Sepang International Circuit,Toro Rosso,2016-10-02,3,40,24718,143608,15,15,14,25.0,47.0,42701.0,211.0,11.0,56,16,0.7142857142857143,3.147,3.975,0.4421431972982831,0,1,Emergency
2342,964,4,1,22,2016,17,Japanese Grand Prix,Suzuka Circuit,McLaren,2016-10-09,1,9,22786,103007,15,16,16,42.0,62.0,3099.0,350.0,9.0,53,44,0.16981132075471697,0.335,1.643,1.1274215970105472,-1,0,Undercut
2357,964,817,9,22,2016,17,Japanese Grand Prix,Suzuka Circuit,Red Bull,2016-10-09,1,10,22996,102069,4,7,6,204.0,359.0,3251.0,620.0,10.0,53,43,0.18867924528301888,0.784,3.428,0.7863737082811785,-3,0,Undercut
2368,964,831,15,22,2016,17,Japanese Grand Prix,Suzuka Circuit,Sauber,2016-10-09,1,25,25131,105718,19,16,19,0.0,0.0,5125.0,431.6666666666715,25.0,53,28,0.4716981132075472,3.532,0.139,1.0986162588232193,3,0,Standard
2393,965,154,210,69,2016,18,United States Grand Prix,Circuit of the Americas,Haas F1 Team,2016-10-23,1,10,24523,106893,17,11,10,28.0,28.0,935.0,68.66666666667152,10.0,56,46,0.17857142857142858,1.893,0.939,0.8613917002271314,6,0,Standard
2394,965,154,210,69,2016,18,United States Grand Prix,Circuit of the Americas,Haas F1 Team,2016-10-23,2,27,26056,107191,17,12,10,28.0,28.0,2243.0,1145.6666666666715,17.0,56,29,0.48214285714285715,5.043,13.566,0.23413374909446283,5,0,Standard
2406,965,828,15,69,2016,18,United States Grand Prix,Circuit of the Americas,Sauber,2016-10-23,1,17,25229,109803,16,14,14,0.0,0.0,3333.0,767.0,17.0,56,39,0.30357142857142855,0.319,8.19,0.8669640419053245,2,0,Undercut
2411,965,832,5,69,2016,18,United States Grand Prix,Circuit of the Americas,Toro Rosso,2016-10-23,2,30,24281,107349,10,6,6,30.0,47.0,3102.0,1648.3333333333285,19.0,56,26,0.5357142857142857,22.975,8.504,0.14692896992167065,4,1,Standard
2412,965,835,4,69,2016,18,United States Grand Prix,Circuit of the Americas,Renault,2016-10-23,1,15,24071,108881,15,15,13,1.0,8.0,2040.0,1849.6666666666715,15.0,56,41,0.26785714285714285,4.113,3.867,0.40104527347048147,0,0,Standard
2441,966,828,15,32,2016,19,Mexican Grand Prix,Autódromo Hermanos Rodríguez,Sauber,2016-10-30,1,1,32608,125261,15,21,11,0.0,0.0,0.0,0.0,1.0,71,70,0.014084507042253521,4.445,,,-6,0,Standard
2457,967,13,3,18,2016,20,Brazilian Grand Prix,Autódromo José Carlos Pace,Williams,2016-11-13,4,31,29754,119725,13,18,18,51.0,136.0,30063.0,528981.0,3.0,71,40,0.43661971830985913,2.941,,,-5,0,Standard
2466,967,807,10,18,2016,20,Brazilian Grand Prix,Autódromo José Carlos Pace,Force India,2016-11-13,1,20,2008504,120712,8,4,7,60.0,145.0,32737.0,35728.66666666667,20.0,71,51,0.28169014084507044,2.34,1.777,0.6595020258366954,4,0,Standard
2470,967,815,10,18,2016,20,Brazilian Grand Prix,Autódromo José Carlos Pace,Force India,2016-11-13,2,28,1482290,137061,9,4,4,85.0,145.0,47460.0,30812.33333333333,8.0,71,43,0.39436619718309857,1.516,2.032,0.7272715832393002,5,1,Emergency
2479,967,821,210,18,2016,20,Brazilian Grand Prix,Autódromo José Carlos Pace,Haas F1 Team,2016-11-13,4,47,17835,106077,12,15,17,0.0,29.0,18272.0,2786.3333333333285,19.0,71,24,0.6619718309859155,3.92,2.42,0.49564969333903863,-3,0,Standard
2487,967,825,4,18,2016,20,Brazilian Grand Prix,Autódromo José Carlos Pace,Renault,2016-11-13,4,41,24265,95053,18,13,14,7.0,8.0,6518.0,139.33333333332848,13.0,71,30,0.5774647887323944,2.257,0.377,1.0332474226229456,5,0,Standard
2490,967,826,5,18,2016,20,Brazilian Grand Prix,Autódromo José Carlos Pace,Toro Rosso,2016-11-13,3,20,2011266,132491,14,18,13,25.0,55.0,44512.0,35628.66666666667,3.0,71,51,0.28169014084507044,2.393,9.191,0.39285022992757,-4,0,Standard
2497,967,830,9,18,2016,20,Brazilian Grand Prix,Autódromo José Carlos Pace,Red Bull,2016-11-13,5,54,24041,126533,4,7,3,177.0,427.0,40772.0,41490.33333333333,11.0,71,17,0.7605633802816901,1.687,0.604,0.9956036592552855,-3,0,Standard
2505,967,836,209,18,2016,20,Brazilian Grand Prix,Autódromo José Carlos Pace,Manor Marussia,2016-11-13,2,28,1484979,138956,19,9,15,1.0,1.0,47891.0,29322.0,8.0,71,43,0.39436619718309857,1.585,2.197,0.6996404390237705,10,1,Emergency
2513,968,4,1,24,2016,21,Abu Dhabi Grand Prix,Yas Marina Circuit,McLaren,2016-11-27,1,7,22428,111285,9,9,10,53.0,75.0,3280.0,323.3333333333285,7.0,55,48,0.12727272727272726,1.335,2.757,0.6944353409680943,0,0,Undercut
2515,968,8,6,24,2016,21,Abu Dhabi Grand Prix,Yas Marina Circuit,Ferrari,2016-11-27,1,7,21959,109413,4,4,6,178.0,375.0,2934.0,353.6666666666715,7.0,55,48,0.12727272727272726,1.485,0.614,1.0219931734147139,0,0,Undercut
2518,968,13,3,24,2016,21,Abu Dhabi Grand Prix,Yas Marina Circuit,Williams,2016-11-27,2,30,21539,109282,10,7,9,51.0,136.0,2212.0,454.3333333333285,22.0,55,25,0.5454545454545454,12.708,0.889,0.6023307267992801,3,0,Standard
2528,968,817,9,24,2016,21,Abu Dhabi Grand Prix,Yas Marina Circuit,Red Bull,2016-11-27,2,24,21768,108602,3,5,5,246.0,446.0,2473.0,1094.3333333333285,15.0,55,31,0.43636363636363634,0.575,10.407,0.7225861034925644,-2,0,Standard
2560,969,832,5,1,2017,1,Australian Grand Prix,Albert Park Grand Prix Circuit,Toro Rosso,2017-03-26,1,18,21762,107439,8,8,8,0.0,0.0,17272.0,281.6666666666715,18.0,57,39,0.3157894736842105,15.088,6.092,0.20316207839398814,0,0,Standard
2563,969,840,3,1,2017,1,Australian Grand Prix,Albert Park Grand Prix Circuit,Williams,2017-03-26,1,5,22293,110632,20,18,16,0.0,0.0,18866.0,687.6666666666715,5.0,57,52,0.08771929824561403,2.376,42.862,0.31900730879118716,2,0,Standard
2605,970,817,9,17,2017,2,Chinese Grand Prix,Shanghai International Circuit,Red Bull,2017-04-09,1,4,17340,137708,5,3,4,0.0,10.0,24411.0,18948.333333333343,4.0,56,52,0.07142857142857142,3.019,1.064,0.733314237989704,2,0,Standard
2615,970,825,210,17,2017,2,Chinese Grand Prix,Shanghai International Circuit,Haas F1 Team,2017-04-09,3,5,17298,166313,12,12,8,0.0,0.0,46485.0,32722.0,1.0,56,51,0.08928571428571429,0.875,2.288,0.8374695863746959,0,0,Undercut
2616,970,825,210,17,2017,2,Chinese Grand Prix,Shanghai International Circuit,Haas F1 Team,2017-04-09,4,6,17299,164614,12,12,8,0.0,0.0,44786.0,39036.0,1.0,56,50,0.10714285714285714,3.423,1.728,0.5926598034932037,0,0,Standard
2629,970,830,9,17,2017,2,Chinese Grand Prix,Shanghai International Circuit,Red Bull,2017-04-09,4,29,22505,104416,16,5,3,10.0,10.0,5891.0,1878.6666666666715,23.0,56,27,0.5178571428571429,2.861,15.944,0.31801820045446105,11,0,Standard
2641,970,838,1,17,2017,2,Chinese Grand Prix,Shanghai International Circuit,McLaren,2017-04-09,4,6,17292,163400,15,15,18,0.0,0.0,41336.0,36490.66666666666,1.0,56,50,0.10714285714285714,2.027,2.101,0.6528367129458437,0,0,Undercut
2644,970,839,10,17,2017,2,Chinese Grand Prix,Shanghai International Circuit,Force India,2017-04-09,3,5,17356,182402,17,13,10,1.0,7.0,61367.0,26512.333333333343,1.0,56,51,0.08928571428571429,2.288,3.683,0.517674583171621,4,0,Standard
2646,970,839,10,17,2017,2,Chinese Grand Prix,Shanghai International Circuit,Force India,2017-04-09,5,42,22926,104998,17,10,10,1.0,7.0,5825.0,1511.6666666666715,36.0,56,14,0.75,14.522,13.562,0.13309657327024757,7,0,Standard
2648,971,1,131,3,2017,3,Bahrain Grand Prix,Bahrain International Circuit,Mercedes,2017-04-16,1,13,30687,115500,2,2,2,43.0,66.0,18998.0,497.0,13.0,57,44,0.22807017543859648,6.597,0.378,0.8573203118716367,0,1,Emergency
2658,971,154,210,3,2017,3,Bahrain Grand Prix,Bahrain International Circuit,Haas F1 Team,2017-04-16,1,12,25075,100887,9,8,8,0.0,4.0,2999.0,413.0,12.0,57,45,0.21052631578947367,2.149,1.701,0.6877943774632003,1,0,Standard
2668,971,826,5,3,2017,3,Bahrain Grand Prix,Bahrain International Circuit,Toro Rosso,2017-04-16,1,13,25204,120398,11,11,12,2.0,12.0,22492.0,721.0,13.0,57,44,0.22807017543859648,3.477,1.438,0.633536132081885,0,1,Emergency
2678,971,840,3,3,2017,3,Bahrain Grand Prix,Bahrain International Circuit,Williams,2017-04-16,1,8,24915,101826,12,17,17,0.0,8.0,3319.0,264.3333333333285,8.0,57,49,0.14035087719298245,0.547,0.309,1.4103543515308221,-5,0,Undercut
2684,972,807,4,71,2017,4,Russian Grand Prix,Sochi Autodrom,Renault,2017-04-30,1,40,30280,105316,8,6,8,2.0,2.0,5544.0,407.0,40.0,52,12,0.7692307692307693,14.693,1.578,0.45162027393633175,2,0,Standard
2686,972,822,131,71,2017,4,Russian Grand Prix,Sochi Autodrom,Mercedes,2017-04-30,1,27,29356,103462,3,2,1,38.0,99.0,5112.0,1099.6666666666715,27.0,52,25,0.5192307692307693,1.575,3.366,0.6173921164870646,1,0,Standard
2687,972,825,210,71,2017,4,Russian Grand Prix,Sochi Autodrom,Haas F1 Team,2017-04-30,1,21,36559,105267,13,11,13,4.0,8.0,4568.0,230.66666666667152,21.0,52,31,0.40384615384615385,2.852,2.22,0.5701644060034958,2,0,Standard
2704,973,13,3,4,2017,5,Spanish Grand Prix,Circuit de Barcelona-Catalunya,Williams,2017-05-14,1,1,40612,115686,9,18,13,18.0,18.0,0.0,0.0,1.0,66,65,0.015151515151515152,10.377,45.313,0.10948884308973597,-9,0,Standard
2706,973,13,3,4,2017,5,Spanish Grand Prix,Circuit de Barcelona-Catalunya,Williams,2017-05-14,3,33,23066,108875,9,14,13,18.0,18.0,21913.0,2036.3333333333285,20.0,66,33,0.5,18.19,0.789,0.6110819666592,-5,0,Standard
2707,973,20,6,4,2017,5,Spanish Grand Prix,Circuit de Barcelona-Catalunya,Ferrari,2017-05-14,1,14,22499,89935,2,2,2,86.0,135.0,4129.0,271.3333333333285,14.0,66,52,0.21212121212121213,1.8,7.733,0.4716510444782516,0,0,Standard
2710,973,154,210,4,2017,5,Spanish Grand Prix,Circuit de Barcelona-Catalunya,Haas F1 Team,2017-05-14,2,34,22641,121209,14,8,10,4.0,8.0,34162.0,3735.0,15.0,66,32,0.5151515151515151,1.869,10.817,0.43317734996278945,6,1,Emergency
2723,973,828,15,4,2017,5,Spanish Grand Prix,Circuit de Barcelona-Catalunya,Sauber,2017-05-14,1,18,22995,92659,16,10,11,0.0,0.0,4735.0,1335.3333333333285,18.0,66,48,0.2727272727272727,1.006,1.408,0.913786878566957,6,0,Undercut
2725,973,832,5,4,2017,5,Spanish Grand Prix,Circuit de Barcelona-Catalunya,Toro Rosso,2017-05-14,1,13,22432,92044,12,10,7,11.0,13.0,3472.0,330.3333333333285,13.0,66,53,0.19696969696969696,0.567,2.496,0.9242032831030158,2,0,Undercut
2731,973,838,1,4,2017,5,Spanish Grand Prix,Circuit de Barcelona-Catalunya,McLaren,2017-05-14,1,12,22547,93237,20,15,18,0.0,0.0,3684.0,137.66666666667152,12.0,66,54,0.18181818181818182,7.917,1.207,0.5652491011223223,5,0,Standard
2737,974,8,6,6,2017,6,Monaco Grand Prix,Circuit de Monaco,Ferrari,2017-05-28,1,34,24833,94039,1,3,2,49.0,153.0,17619.0,837.0,34.0,78,44,0.4358974358974359,10.978,5.233,0.24392277869071533,-2,0,Standard
2740,974,18,1,6,2017,6,Monaco Grand Prix,Circuit de Monaco,McLaren,2017-05-28,1,1,24465,116327,20,20,18,0.0,0.0,0.0,0.0,1.0,78,77,0.01282051282051282,0.495,,,0,0,Undercut
2741,974,18,1,6,2017,6,Monaco Grand Prix,Circuit de Monaco,McLaren,2017-05-28,2,39,26057,98074,20,19,18,0.0,0.0,20362.0,2628.0,38.0,78,39,0.5,26.06,,,1,0,Standard
2753,974,830,9,6,2017,6,Monaco Grand Prix,Circuit de Monaco,Red Bull,2017-05-28,1,32,25343,95170,4,6,5,35.0,72.0,18755.0,776.3333333333285,32.0,78,46,0.41025641025641024,3.736,6.329,0.34759291116740976,-2,0,Standard
2756,974,835,4,6,2017,6,Monaco Grand Prix,Circuit de Monaco,Renault,2017-05-28,1,42,25472,102639,16,14,11,0.0,14.0,25441.0,1112.0,42.0,78,36,0.5384615384615384,10.669,5.435,0.24109730168518412,2,0,Standard
2762,974,840,3,6,2017,6,Monaco Grand Prix,Circuit de Monaco,Williams,2017-05-28,1,41,26690,97776,17,15,15,0.0,18.0,20383.0,821.3333333333285,41.0,78,37,0.5256410256410257,10.449,7.587,0.20379897938374367,2,0,Standard
2776,975,826,5,7,2017,7,Canadian Grand Prix,Circuit Gilles Villeneuve,Toro Rosso,2017-06-11,1,15,18088,87954,11,9,17,4.0,29.0,9845.0,19341.33333333333,15.0,70,55,0.21428571428571427,0.18,0.27,1.6348592019217936,2,0,Undercut
2777,975,826,5,7,2017,7,Canadian Grand Prix,Circuit Gilles Villeneuve,Toro Rosso,2017-06-11,2,53,106374,176228,11,17,17,4.0,29.0,99515.0,751.0,38.0,70,17,0.7571428571428571,19.355,,,-6,0,Standard
2789,976,4,1,73,2017,8,Azerbaijan Grand Prix,Baku City Circuit,McLaren,2017-06-25,1,12,21217,138994,19,12,9,0.0,0.0,29758.0,739.6666666666715,12.0,51,39,0.23529411764705882,5.096,1.378,0.5845634413444325,7,1,Standard
2811,976,815,10,73,2017,8,Azerbaijan Grand Prix,Baku City Circuit,Force India,2017-06-25,1,12,20598,125130,6,3,15,44.0,71.0,18260.0,721.3333333333285,12.0,51,39,0.23529411764705882,9.281,3.959,0.29892036202551026,3,1,Standard
2817,976,817,9,73,2017,8,Azerbaijan Grand Prix,Baku City Circuit,Red Bull,2017-06-25,3,17,15135,147444,10,9,1,67.0,112.0,40389.0,52413.0,4.0,51,34,0.3333333333333333,2.323,0.764,0.8678263160013729,1,0,Standard
2824,976,825,210,73,2017,8,Azerbaijan Grand Prix,Baku City Circuit,Haas F1 Team,2017-06-25,2,17,15128,148159,12,10,7,5.0,15.0,39404.0,54417.33333333334,5.0,51,34,0.3333333333333333,0.764,1.959,0.9048454348507455,2,0,Undercut
2848,977,1,131,70,2017,9,Austrian Grand Prix,Red Bull Ring,Mercedes,2017-07-09,1,31,20761,72542,8,5,4,139.0,250.0,3527.0,409.3333333333285,31.0,71,40,0.43661971830985913,4.416,18.254,0.23657536909593416,3,0,Overcut
2858,977,826,5,70,2017,9,Austrian Grand Prix,Red Bull Ring,Toro Rosso,2017-07-09,2,9,16139,74598,14,18,16,4.0,33.0,3540.0,564.0,8.0,71,62,0.1267605633802817,41.84,,,-4,0,Standard
2877,978,807,4,9,2017,10,British Grand Prix,Silverstone Circuit,Renault,2017-07-16,1,24,30841,94239,5,6,6,18.0,18.0,-259.0,904.6666666666715,24.0,51,27,0.47058823529411764,5.049,10.134,0.2551315623919536,-1,0,Standard
2883,978,826,5,9,2017,10,British Grand Prix,Silverstone Circuit,Toro Rosso,2017-07-16,2,9,22895,95977,12,18,15,4.0,33.0,-280.0,1385.6666666666715,8.0,51,42,0.17647058823529413,1.201,,,-6,0,Standard
2898,979,20,6,11,2017,11,Hungarian Grand Prix,Hungaroring,Ferrari,2017-07-30,1,32,22317,85390,1,2,1,177.0,275.0,3135.0,979.6666666666715,32.0,70,38,0.45714285714285713,1.274,6.556,0.5720988940740565,-1,0,Standard
2905,979,826,5,11,2017,11,Hungarian Grand Prix,Hungaroring,Toro Rosso,2017-07-30,1,40,22273,85859,16,13,11,4.0,33.0,2761.0,517.3333333333285,40.0,70,30,0.5714285714285714,0.612,9.08,0.7195537437472921,3,0,Overcut
2920,980,8,6,13,2017,12,Belgian Grand Prix,Circuit de Spa-Francorchamps,Ferrari,2017-08-27,2,17,30373,113461,4,5,4,116.0,318.0,2584.0,6100.3333333333285,2.0,44,27,0.38636363636363635,2.024,13.887,0.3978605317021385,-1,0,Standard
2935,980,822,131,13,2017,12,Belgian Grand Prix,Circuit de Spa-Francorchamps,Mercedes,2017-08-27,1,13,22963,114847,3,2,5,169.0,357.0,4478.0,457.6666666666715,13.0,44,31,0.29545454545454547,11.52,0.396,0.7962045826963392,1,0,Standard
2936,980,822,131,13,2017,12,Belgian Grand Prix,Circuit de Spa-Francorchamps,Mercedes,2017-08-27,2,30,22919,146536,3,3,5,169.0,357.0,37920.0,921.3333333333285,17.0,44,14,0.6818181818181818,12.242,15.783,0.1351013964215323,0,1,Emergency
2945,980,832,5,13,2017,12,Belgian Grand Prix,Circuit de Spa-Francorchamps,Toro Rosso,2017-08-27,1,19,24095,118180,13,10,10,35.0,39.0,5970.0,1075.6666666666715,19.0,44,25,0.4318181818181818,3.942,0.609,0.8238512676192371,3,0,Standard
2962,981,154,210,14,2017,13,Italian Grand Prix,Autodromo Nazionale di Monza,Haas F1 Team,2017-09-03,2,34,24307,90724,20,16,15,24.0,35.0,4305.0,768.6666666666715,31.0,53,19,0.6415094339622641,7.87,18.265,0.16464717605368193,4,0,Overcut
2993,982,154,210,15,2017,14,Singapore Grand Prix,Marina Bay Street Circuit,Haas F1 Team,2017-09-17,4,27,29049,129743,15,9,9,24.0,35.0,6913.0,1652.0,24.0,58,31,0.46551724137931033,21.931,0.907,0.5679929371114186,6,0,Standard
3040,982,836,15,15,2017,14,Singapore Grand Prix,Marina Bay Street Circuit,Sauber,2017-09-17,3,3,27865,188634,19,17,12,5.0,5.0,-6227.0,8446.5,1.0,58,55,0.05172413793103448,1.189,,,2,0,Undercut
3068,983,817,9,2,2017,15,Malaysian Grand Prix,Sepang International Circuit,Red Bull,2017-10-01,1,29,24199,100776,4,1,3,162.0,230.0,4458.0,752.3333333333285,29.0,56,27,0.5178571428571429,,0.899,,3,0,Standard
3074,983,836,15,2,2017,15,Malaysian Grand Prix,Sepang International Circuit,Sauber,2017-10-01,1,37,25060,103135,18,16,17,5.0,5.0,4796.0,433.0,37.0,56,19,0.6607142857142857,11.251,10.042,0.17218929346444606,2,0,Overcut
3080,984,4,1,22,2017,16,Japanese Grand Prix,Suzuka Circuit,McLaren,2017-10-08,1,25,24636,99780,20,11,11,10.0,23.0,2720.0,581.6666666666715,25.0,53,28,0.4716981132075472,1.313,0.992,0.934346985868246,9,0,Standard
3084,984,807,4,22,2017,16,Japanese Grand Prix,Suzuka Circuit,Renault,2017-10-08,1,38,23199,99235,11,8,17,34.0,42.0,3352.0,800.6666666666715,38.0,53,15,0.7169811320754716,0.808,14.156,0.6190778149136882,3,0,Overcut
3085,984,815,10,22,2017,16,Japanese Grand Prix,Suzuka Circuit,Force India,2017-10-08,1,21,23634,99614,7,6,7,76.0,133.0,3033.0,893.0,21.0,53,32,0.39622641509433965,5.455,3.069,0.40067929684666836,1,0,Standard
3097,984,840,3,22,2017,16,Japanese Grand Prix,Suzuka Circuit,Williams,2017-10-08,1,4,23475,106020,15,18,16,32.0,65.0,2381.0,21813.66666666667,4.0,53,49,0.07547169811320754,2.284,19.701,0.3528135442273291,-3,0,Standard
3112,985,825,210,69,2017,17,United States Grand Prix,Circuit of the Americas,Haas F1 Team,2017-10-22,1,1,25112,114387,17,18,16,15.0,43.0,0.0,0.0,1.0,56,55,0.017857142857142856,0.243,0.597,1.4306793056772276,-1,0,Undercut
3126,986,1,131,32,2017,18,Mexican Grand Prix,Autódromo Hermanos Rodríguez,Mercedes,2017-10-29,1,1,29283,116558,3,20,9,331.0,575.0,0.0,0.0,1.0,71,70,0.014084507042253521,10.271,,,-17,0,Standard
3138,986,822,131,32,2017,18,Mexican Grand Prix,Autódromo Hermanos Rodríguez,Mercedes,2017-10-29,1,32,21758,94198,4,2,2,244.0,575.0,13338.0,582.0,32.0,71,39,0.4507042253521127,13.118,27.308,0.10615726552575906,2,1,Overcut
3140,986,828,15,32,2017,18,Mexican Grand Prix,Autódromo Hermanos Rodríguez,Sauber,2017-10-29,1,28,22736,86511,12,11,17,0.0,5.0,3621.0,236.0,28.0,71,43,0.39436619718309857,0.909,1.038,1.0145116027535495,1,0,Standard
3142,986,832,4,32,2017,18,Mexican Grand Prix,Autódromo Hermanos Rodríguez,Renault,2017-10-29,1,2,22852,103199,8,18,16,54.0,48.0,13982.0,0.0,2.0,71,69,0.028169014084507043,1.093,8.56,0.5823855969389897,-10,0,Undercut
3148,986,842,5,32,2017,18,Mexican Grand Prix,Autódromo Hermanos Rodríguez,Toro Rosso,2017-10-29,1,31,22709,94323,20,12,13,0.0,53.0,11729.0,1091.6666666666715,31.0,71,40,0.43661971830985913,1.791,1.953,0.6969331906302768,8,0,Standard
3154,987,4,1,18,2017,19,Brazilian Grand Prix,Autódromo José Carlos Pace,McLaren,2017-11-12,2,2,17770,138727,6,5,8,11.0,24.0,20358.0,0.0,1.0,71,69,0.028169014084507043,1.566,0.991,0.8919717841745376,1,0,Undercut
3156,987,4,1,18,2017,19,Brazilian Grand Prix,Autódromo José Carlos Pace,McLaren,2017-11-12,4,28,23342,79116,6,8,8,11.0,24.0,4623.0,276.6666666666715,25.0,71,43,0.39436619718309857,2.688,4.477,0.4537313799335181,-2,0,Standard
3172,987,154,210,18,2017,19,Brazilian Grand Prix,Autódromo José Carlos Pace,Haas F1 Team,2017-11-12,4,48,34438,81157,11,16,15,28.0,47.0,6081.0,1697.6666666666715,45.0,71,23,0.676056338028169,3.94,,,-5,0,Standard
3173,987,807,4,18,2017,19,Brazilian Grand Prix,Autódromo José Carlos Pace,Renault,2017-11-12,1,1,18927,122710,7,8,10,34.0,48.0,0.0,0.0,1.0,71,70,0.014084507042253521,1.577,1.348,0.8139424961608357,-1,0,Undercut
3176,987,807,4,18,2017,19,Brazilian Grand Prix,Autódromo José Carlos Pace,Renault,2017-11-12,4,30,24054,80163,7,8,10,34.0,48.0,5526.0,412.3333333333285,27.0,71,41,0.4225352112676056,10.317,0.142,0.9640193828326091,-1,0,Standard
3180,987,815,10,18,2017,19,Brazilian Grand Prix,Autódromo José Carlos Pace,Force India,2017-11-12,4,35,23275,79630,5,7,9,92.0,175.0,5141.0,171.66666666667152,32.0,71,36,0.49295774647887325,11.348,4.918,0.24996078026955804,-2,0,Overcut
3187,987,822,131,18,2017,19,Brazilian Grand Prix,Autódromo José Carlos Pace,Mercedes,2017-11-12,3,3,17784,131684,1,2,2,262.0,595.0,18024.0,12640.0,1.0,71,68,0.04225352112676056,1.685,2.07,0.6981723776075313,-1,0,Undercut
3189,987,828,15,18,2017,19,Brazilian Grand Prix,Autódromo José Carlos Pace,Sauber,2017-11-12,1,1,19603,128622,17,11,13,0.0,5.0,0.0,0.0,1.0,71,70,0.014084507042253521,2.562,1.083,0.7608179689435317,6,0,Undercut
3195,987,830,9,18,2017,19,Brazilian Grand Prix,Autódromo José Carlos Pace,Red Bull,2017-11-12,3,3,18017,131505,4,4,5,148.0,340.0,14930.0,11190.0,1.0,71,68,0.04225352112676056,0.681,1.289,1.0317559941254881,0,0,Undercut
3222,988,20,6,24,2017,20,Abu Dhabi Grand Prix,Yas Marina Circuit,Ferrari,2017-11-26,1,20,21221,105045,3,3,3,302.0,495.0,2288.0,182.66666666667152,20.0,55,35,0.36363636363636365,8.045,25.119,0.14884462450224895,0,0,Standard
3230,988,830,9,24,2017,20,Abu Dhabi Grand Prix,Yas Marina Circuit,Red Bull,2017-11-26,1,14,21269,104929,6,6,5,158.0,358.0,1693.0,106.33333333332848,14.0,55,41,0.2545454545454545,3.285,7.648,0.34900590123022357,0,0,Standard
3251,989,832,4,1,2018,1,Australian Grand Prix,Albert Park Grand Prix Circuit,Renault,2018-03-25,1,22,23868,115942,9,15,10,0.0,0.0,26203.0,271.3333333333285,22.0,58,36,0.3793103448275862,1.468,23.797,0.4455138447042497,-6,0,Standard
3252,989,838,1,1,2018,1,Australian Grand Prix,Albert Park Grand Prix Circuit,McLaren,2018-03-25,1,25,22474,108016,11,7,9,0.0,0.0,18205.0,930.6666666666715,25.0,58,33,0.43103448275862066,5.605,1.915,0.4944536274432151,4,1,Standard
3289,990,844,15,3,2018,2,Bahrain Grand Prix,Bahrain International Circuit,Sauber,2018-04-08,1,3,25563,128581,19,16,12,0.0,0.0,21625.0,3641.5,3.0,57,54,0.05263157894736842,0.189,0.35,1.5817836339282931,3,0,Undercut
3295,991,8,6,17,2018,3,Chinese Grand Prix,Shanghai International Circuit,Ferrari,2018-04-15,1,27,22913,106198,2,4,3,15.0,65.0,7186.0,407.6666666666715,27.0,56,29,0.48214285714285715,0.542,1.362,1.0718784560117995,-2,0,Standard
3300,991,807,4,17,2018,3,Chinese Grand Prix,Shanghai International Circuit,Renault,2018-04-15,2,31,23297,122077,7,7,6,14.0,15.0,23355.0,793.3333333333285,18.0,56,25,0.5535714285714286,36.21,9.672,0.12057764452898517,0,1,Standard
3306,991,825,210,17,2018,3,Chinese Grand Prix,Shanghai International Circuit,Haas F1 Team,2018-04-15,1,24,22973,104253,11,7,10,10.0,10.0,4487.0,139.0,24.0,56,32,0.42857142857142855,16.465,1.265,0.49875847563938985,4,0,Standard
3309,991,830,9,17,2018,3,Chinese Grand Prix,Shanghai International Circuit,Red Bull,2018-04-15,2,31,22596,105059,5,3,5,8.0,20.0,7517.0,328.0,14.0,56,25,0.5535714285714286,7.519,2.528,0.40083138158029574,2,1,Standard
3352,992,842,5,73,2018,4,Azerbaijan Grand Prix,Baku City Circuit,Toro Rosso,2018-04-29,1,12,20782,115851,17,14,12,12.0,12.0,3523.0,581.6666666666715,12.0,51,39,0.23529411764705882,4.217,0.087,1.1116442442168137,3,0,Standard
3369,993,830,9,4,2018,5,Spanish Grand Prix,Circuit de Barcelona-Catalunya,Red Bull,2018-05-13,1,34,21740,84621,5,2,3,18.0,55.0,4018.0,763.3333333333285,34.0,66,32,0.5151515151515151,1.86,8.301,0.4571656705835826,3,0,Standard
3377,993,845,3,4,2018,5,Spanish Grand Prix,Circuit de Barcelona-Catalunya,Williams,2018-05-13,1,1,22049,135710,19,17,14,0.0,4.0,0.0,0.0,1.0,66,65,0.015151515151515152,3.861,,,2,0,Standard
3402,994,844,15,6,2018,6,Monaco Grand Prix,Circuit de Monaco,Sauber,2018-05-27,1,14,23870,97708,14,17,18,9.0,11.0,19174.0,1288.3333333333285,14.0,78,64,0.1794871794871795,6.316,2.016,0.46825170078879474,-3,0,Standard
3403,994,845,3,6,2018,6,Monaco Grand Prix,Circuit de Monaco,Williams,2018-05-27,1,7,31810,104668,13,20,16,0.0,4.0,24876.0,117.33333333332848,7.0,78,71,0.08974358974358974,18.279,,,-7,0,Standard
3415,995,822,131,7,2018,7,Canadian Grand Prix,Circuit Gilles Villeneuve,Mercedes,2018-06-10,1,36,23775,91825,2,2,2,68.0,178.0,16567.0,950.3333333333285,36.0,68,32,0.5294117647058824,22.879,6.538,0.17453898391566902,0,0,Standard
3479,998,815,10,9,2018,10,British Grand Prix,Silverstone Circuit,Force India,2018-07-08,2,32,28836,108640,12,13,10,23.0,42.0,14465.0,384.6666666666715,19.0,52,20,0.6153846153846154,3.285,8.403,0.3397212662459944,-1,0,Standard
3488,998,832,4,9,2018,10,British Grand Prix,Silverstone Circuit,Renault,2018-07-08,2,32,28078,107349,16,10,17,28.0,62.0,12747.0,332.0,15.0,52,20,0.6153846153846154,1.095,1.128,0.9472517810038223,6,0,Standard
3501,999,8,6,10,2018,11,German Grand Prix,Hockenheimring,Ferrari,2018-07-22,1,14,19647,81741,3,4,3,116.0,287.0,3541.0,478.6666666666715,14.0,67,53,0.208955223880597,1.246,16.126,0.5036267259718421,-1,0,Standard
3536,999,845,3,10,2018,11,German Grand Prix,Hockenheimring,Williams,2018-07-22,2,51,21711,111495,12,14,19,0.0,4.0,32561.0,9565.333333333328,23.0,67,16,0.7611940298507462,2.149,25.324,0.3555492782155429,-2,1,Standard
3551,1000,838,1,11,2018,12,Hungarian Grand Prix,Hungaroring,McLaren,2018-07-29,1,40,21732,85839,16,7,18,8.0,48.0,2470.0,100.0,40.0,70,30,0.5714285714285714,10.741,1.283,0.5231917697427948,9,0,Overcut
3569,1001,822,131,13,2018,13,Belgian Grand Prix,Circuit de Spa-Francorchamps,Mercedes,2018-08-26,3,29,22399,112864,19,4,4,132.0,345.0,4611.0,261.6666666666715,27.0,44,15,0.6590909090909091,19.816,4.451,0.2314925467631337,15,0,Overcut
3570,1001,825,210,13,2018,13,Belgian Grand Prix,Circuit de Spa-Francorchamps,Haas F1 Team,2018-08-26,1,1,20021,157550,9,7,8,45.0,66.0,0.0,0.0,1.0,44,43,0.022727272727272728,1.326,2.385,0.7253435888187099,2,0,Undercut
3584,1001,840,3,13,2018,13,Belgian Grand Prix,Circuit de Spa-Francorchamps,Williams,2018-08-26,2,23,22901,115687,17,13,13,4.0,4.0,4401.0,39.0,22.0,44,21,0.5227272727272727,0.217,8.674,0.9250625442846832,4,0,Standard
3587,1001,843,5,13,2018,13,Belgian Grand Prix,Circuit de Spa-Francorchamps,Toro Rosso,2018-08-26,1,1,18084,167144,11,13,14,2.0,28.0,0.0,0.0,1.0,44,43,0.022727272727272728,2.392,1.327,0.7245491806601747,-2,0,Standard
3590,1001,845,3,13,2018,13,Belgian Grand Prix,Circuit de Spa-Francorchamps,Williams,2018-08-26,2,24,22339,115243,16,11,12,0.0,4.0,3959.0,169.33333333332848,23.0,44,20,0.5454545454545454,8.916,1.677,0.4743995998965083,5,0,Standard
3593,1002,20,6,14,2018,14,Italian Grand Prix,Autodromo Nazionale di Monza,Ferrari,2018-09-02,1,1,32219,130568,2,18,4,214.0,360.0,0.0,0.0,1.0,53,52,0.018867924528301886,1.709,13.398,0.4385939948695758,-16,0,Undercut
3611,1002,845,3,14,2018,14,Italian Grand Prix,Autodromo Nazionale di Monza,Williams,2018-09-02,1,37,25245,90478,12,10,10,0.0,4.0,4675.0,641.0,37.0,53,16,0.6981132075471698,7.033,9.588,0.2189330364720029,2,0,Overcut
3635,1003,845,3,15,2018,15,Singapore Grand Prix,Marina Bay Street Circuit,Williams,2018-09-16,1,3,30477,169650,19,19,19,1.0,7.0,4276.0,1265.5,3.0,61,58,0.04918032786885246,3.643,,,0,0,Standard
3636,1003,845,3,15,2018,15,Singapore Grand Prix,Marina Bay Street Circuit,Williams,2018-09-16,2,45,34022,119983,19,19,19,1.0,7.0,11648.0,3624.6666666666715,42.0,61,16,0.7377049180327869,10.928,,,0,0,Standard
3657,1005,1,131,22,2018,17,Japanese Grand Prix,Suzuka Circuit,Mercedes,2018-10-07,1,24,22614,96646,1,1,1,306.0,495.0,2633.0,171.66666666667152,24.0,53,29,0.4528301886792453,,23.745,,0,0,Overcut
3679,1005,845,3,22,2018,17,Japanese Grand Prix,Suzuka Circuit,Williams,2018-10-07,2,38,23647,103438,17,17,16,1.0,7.0,6260.0,1001.3333333333285,34.0,53,15,0.7169811320754716,0.989,3.924,0.7058521298498361,0,0,Standard
3683,1006,20,6,69,2018,18,United States Grand Prix,Circuit of the Americas,Ferrari,2018-10-21,1,26,24449,102544,5,4,4,264.0,460.0,2895.0,1972.0,26.0,56,30,0.4642857142857143,1.637,1.082,0.8595262059868487,1,0,Standard
3706,1007,8,6,32,2018,19,Mexican Grand Prix,Autódromo Hermanos Rodríguez,Ferrari,2018-10-28,1,17,22017,89230,6,5,3,221.0,497.0,7503.0,2052.6666666666715,17.0,71,54,0.23943661971830985,5.976,1.544,0.5364303848595002,1,0,Standard
3712,1007,815,10,32,2018,19,Mexican Grand Prix,Autódromo Hermanos Rodríguez,Force India,2018-10-28,1,30,23755,109679,13,7,18,57.0,47.0,26134.0,761.3333333333285,30.0,71,41,0.4225352112676056,67.523,3.389,0.2424359731971391,6,1,Emergency
3713,1007,817,9,32,2018,19,Mexican Grand Prix,Autódromo Hermanos Rodríguez,Red Bull,2018-10-28,1,12,22022,85232,1,3,17,146.0,337.0,3910.0,1285.0,12.0,71,59,0.16901408450704225,0.392,9.649,0.8122963356334792,-2,0,Undercut
3730,1007,843,5,32,2018,19,Mexican Grand Prix,Autódromo Hermanos Rodríguez,Toro Rosso,2018-10-28,2,24,23553,88589,14,15,14,4.0,32.0,6061.0,2491.6666666666715,23.0,71,47,0.3380281690140845,0.226,0.035,1.7818442600342026,-1,0,Undercut
3775,1009,845,3,24,2018,21,Abu Dhabi Grand Prix,Yas Marina Circuit,Williams,2018-11-25,1,35,22755,108908,19,17,15,1.0,7.0,2753.0,875.3333333333285,35.0,55,20,0.6363636363636364,4.442,,,2,0,Standard
3778,1010,9,3,1,2019,1,Australian Grand Prix,Albert Park Grand Prix Circuit,Williams,2019-03-17,1,1,32997,146128,20,19,17,0.0,0.0,0.0,0.0,1.0,58,57,0.017241379310344827,40.095,2.085,0.34848296915693033,1,0,Standard
3782,1010,154,210,1,2019,1,Australian Grand Prix,Albert Park Grand Prix Circuit,Haas F1 Team,2019-03-17,1,15,29981,116519,6,14,18,0.0,0.0,26449.0,422.6666666666715,15.0,58,43,0.25862068965517243,0.979,4.907,0.6745963820384907,-8,0,Standard
3784,1010,815,211,1,2019,1,Australian Grand Prix,Albert Park Grand Prix Circuit,Racing Point,2019-03-17,1,13,23234,110063,10,16,13,0.0,0.0,19213.0,116.0,13.0,58,45,0.22413793103448276,1.856,1.436,0.7606490872210954,-6,0,Standard
3788,1010,826,5,1,2019,1,Australian Grand Prix,Albert Park Grand Prix Circuit,Toro Rosso,2019-03-17,1,26,22086,107022,15,11,10,0.0,0.0,17855.0,194.33333333332848,26.0,58,32,0.4482758620689655,1.786,9.304,0.4559872343081869,4,0,Overcut
3799,1011,1,131,3,2019,2,Bahrain Grand Prix,Bahrain International Circuit,Mercedes,2019-03-31,2,34,24324,100157,3,3,1,18.0,44.0,5513.0,2922.6666666666715,21.0,57,23,0.5964912280701754,8.011,7.929,0.22297009867818876,0,0,Standard
3808,1011,807,4,3,2019,2,Bahrain Grand Prix,Bahrain International Circuit,Renault,2019-03-31,1,12,25498,100753,17,6,17,6.0,6.0,3444.0,475.3333333333285,12.0,57,45,0.21052631578947367,4.332,9.214,0.28545172322060347,11,0,Standard
3814,1011,822,131,3,2019,2,Bahrain Grand Prix,Bahrain International Circuit,Mercedes,2019-03-31,2,37,24433,101713,4,4,2,26.0,44.0,5927.0,1634.6666666666715,25.0,57,20,0.6491228070175439,2.614,24.889,0.31532815921396834,0,0,Standard
3817,1011,826,5,3,2019,2,Bahrain Grand Prix,Bahrain International Circuit,Toro Rosso,2019-03-31,1,12,26508,116914,15,13,12,1.0,1.0,18737.0,628.0,12.0,57,45,0.21052631578947367,0.331,0.698,1.3402429516671843,2,0,Undercut
3838,1012,1,131,17,2019,3,Chinese Grand Prix,Shanghai International Circuit,Mercedes,2019-04-14,1,22,22644,104331,2,1,1,43.0,87.0,6212.0,1101.6666666666715,22.0,56,34,0.39285714285714285,,20.198,,1,0,Standard
3848,1012,817,4,17,2019,3,Chinese Grand Prix,Shanghai International Circuit,Renault,2019-04-14,1,18,23506,105141,7,8,7,0.0,6.0,5097.0,477.0,18.0,56,38,0.32142857142857145,1.312,0.39,1.151950411988748,-1,0,Standard
3850,1012,822,131,17,2019,3,Chinese Grand Prix,Shanghai International Circuit,Mercedes,2019-04-14,2,36,24083,101470,1,2,2,44.0,87.0,4912.0,1178.6666666666715,15.0,56,20,0.6428571428571429,5.274,15.443,0.22020410304113527,-1,0,Standard
3851,1012,825,210,17,2019,3,Chinese Grand Prix,Shanghai International Circuit,Haas F1 Team,2019-04-14,1,9,23964,105444,9,13,13,8.0,8.0,3966.0,121.66666666667152,9.0,56,47,0.16071428571428573,2.189,0.868,0.8489098298957269,-4,0,Standard
3855,1012,826,5,17,2019,3,Chinese Grand Prix,Shanghai International Circuit,Toro Rosso,2019-04-14,3,30,43206,102940,11,16,19,1.0,3.0,4965.0,331.6666666666715,5.0,56,26,0.5357142857142857,6.408,16.882,0.19091135722228003,-5,0,Standard
3856,1012,830,9,17,2019,3,Chinese Grand Prix,Shanghai International Circuit,Red Bull,2019-04-14,1,17,23223,104082,5,5,4,27.0,31.0,5219.0,707.3333333333285,17.0,56,39,0.30357142857142855,6.085,5.363,0.2983018334094726,0,0,Standard
3857,1012,830,9,17,2019,3,Chinese Grand Prix,Shanghai International Circuit,Red Bull,2019-04-14,2,34,22365,102883,5,5,4,27.0,31.0,5381.0,1053.6666666666715,17.0,56,22,0.6071428571428571,1.658,19.223,0.4256713714320094,0,0,Standard
3880,1013,20,6,73,2019,4,Azerbaijan Grand Prix,Baku City Circuit,Ferrari,2019-04-28,1,11,19981,114804,3,5,3,37.0,73.0,6528.0,870.3333333333285,11.0,51,40,0.21568627450980393,0.748,15.402,0.6330505544755524,-2,0,Undercut
3882,1013,807,4,73,2019,4,Azerbaijan Grand Prix,Baku City Circuit,Renault,2019-04-28,1,8,21325,118025,15,15,14,6.0,12.0,7411.0,2874.0,8.0,51,43,0.1568627450980392,0.873,0.347,1.2762933270866306,0,0,Undercut
3883,1013,807,4,73,2019,4,Azerbaijan Grand Prix,Baku City Circuit,Renault,2019-04-28,2,34,20870,112947,15,15,14,6.0,12.0,4872.0,894.3333333333285,26.0,51,17,0.6666666666666666,8.423,2.732,0.3740761555924769,0,0,Standard
3887,1013,825,210,73,2019,4,Azerbaijan Grand Prix,Baku City Circuit,Haas F1 Team,2019-04-28,1,7,20118,118041,12,15,13,8.0,8.0,7225.0,1919.3333333333285,7.0,51,44,0.13725490196078433,2.748,1.428,0.6786705792787455,-3,0,Standard
3894,1013,844,6,73,2019,4,Azerbaijan Grand Prix,Baku City Circuit,Ferrari,2019-04-28,1,34,20382,112992,8,5,5,36.0,73.0,6718.0,2089.3333333333285,34.0,51,17,0.6666666666666666,1.96,15.658,0.39786905407027867,3,0,Standard
3907,1014,20,6,4,2019,5,Spanish Grand Prix,Circuit de Barcelona-Catalunya,Ferrari,2019-05-12,1,19,23746,87181,3,6,4,52.0,99.0,4275.0,759.6666666666715,19.0,66,47,0.2878787878787879,0.309,10.286,0.8525472921757752,-3,0,Undercut
3914,1014,817,4,4,2019,5,Spanish Grand Prix,Circuit de Barcelona-Catalunya,Renault,2019-05-12,1,24,22379,86875,13,9,12,6.0,12.0,3003.0,532.3333333333285,24.0,66,42,0.36363636363636365,6.974,2.553,0.40685986845370165,4,0,Standard
3938,1015,1,131,6,2019,6,Monaco Grand Prix,Circuit de Monaco,Mercedes,2019-05-26,1,11,24266,109838,1,1,1,112.0,217.0,33671.0,399.3333333333285,11.0,78,67,0.14102564102564102,,8.049,,0,1,Emergency
3942,1015,154,210,6,2019,6,Monaco Grand Prix,Circuit de Monaco,Haas F1 Team,2019-05-26,1,50,24219,95080,13,9,10,1.0,15.0,18334.0,1040.3333333333285,50.0,78,28,0.6410256410256411,2.057,39.056,0.35208313856185247,4,0,Overcut
3944,1015,815,211,6,2019,6,Monaco Grand Prix,Circuit de Monaco,Racing Point,2019-05-26,1,11,28463,123212,16,17,12,13.0,17.0,44073.0,5430.0,11.0,78,67,0.14102564102564102,14.658,7.25,0.1850772380852851,-1,1,Emergency
3945,1015,817,4,6,2019,6,Monaco Grand Prix,Circuit de Monaco,Renault,2019-05-26,1,11,24269,125595,6,12,9,6.0,12.0,46392.0,1992.3333333333285,11.0,78,67,0.14102564102564102,0.132,1.565,1.2732557739066945,-6,1,Emergency
3946,1015,822,131,6,2019,6,Monaco Grand Prix,Circuit de Monaco,Mercedes,2019-05-26,1,11,25030,117137,2,3,3,105.0,217.0,40991.0,334.3333333333285,11.0,78,67,0.14102564102564102,0.38,0.6,1.3496376811594204,-1,1,Emergency
3948,1015,825,210,6,2019,6,Monaco Grand Prix,Circuit de Monaco,Haas F1 Team,2019-05-26,1,11,25419,125580,5,14,14,14.0,15.0,46478.0,2305.6666666666715,11.0,78,67,0.14102564102564102,0.089,1.82,1.272883574624387,-9,1,Emergency
3955,1015,842,9,6,2019,6,Monaco Grand Prix,Circuit de Monaco,Red Bull,2019-05-26,2,62,23858,93363,8,5,5,21.0,87.0,17083.0,724.0,35.0,78,16,0.7948717948717948,27.316,8.07,0.14556930580113892,3,0,Overcut
3967,1016,154,210,7,2019,7,Canadian Grand Prix,Circuit Gilles Villeneuve,Haas F1 Team,2019-06-09,1,34,24071,95392,14,15,14,2.0,16.0,17405.0,1291.0,34.0,70,36,0.4857142857142857,4.458,11.179,0.26532584321251,-1,0,Standard
3974,1016,826,5,7,2019,7,Canadian Grand Prix,Circuit Gilles Villeneuve,Toro Rosso,2019-06-09,1,12,23825,94409,10,13,10,9.0,16.0,15457.0,146.33333333332848,12.0,70,58,0.17142857142857143,3.942,0.713,0.7861183895475903,-3,0,Standard
3975,1016,830,9,7,2019,7,Canadian Grand Prix,Circuit Gilles Villeneuve,Red Bull,2019-06-09,1,48,23426,92785,9,5,5,78.0,110.0,16371.0,285.3333333333285,48.0,70,22,0.6857142857142857,10.707,0.209,0.9125488394853014,4,0,Standard
3977,1016,840,211,7,2019,7,Canadian Grand Prix,Circuit Gilles Villeneuve,Racing Point,2019-06-09,1,45,23727,93215,17,10,9,4.0,17.0,16328.0,130.33333333332848,45.0,70,25,0.6428571428571429,5.239,3.218,0.3973612809374276,7,0,Overcut
3978,1016,841,51,7,2019,7,Canadian Grand Prix,Circuit Gilles Villeneuve,Alfa Romeo,2019-06-09,1,33,23884,95209,12,15,13,0.0,13.0,17607.0,602.0,33.0,70,37,0.4714285714285714,9.081,18.666,0.15004568961108905,-3,0,Overcut
4001,1017,844,6,34,2019,8,French Grand Prix,Circuit Paul Ricard,Ferrari,2019-06-23,1,21,30203,116162,3,4,3,72.0,172.0,20732.0,210.66666666667152,21.0,53,32,0.39622641509433965,11.081,10.192,0.17212414013367833,-1,0,Standard
4016,1018,825,210,70,2019,9,Austrian Grand Prix,Red Bull Ring,Haas F1 Team,2019-06-30,1,11,23243,75060,10,18,19,14.0,16.0,3247.0,1122.6666666666715,11.0,71,60,0.15492957746478872,0.441,0.178,1.5428589606585692,-8,0,Undercut
4024,1018,842,9,70,2019,9,Austrian Grand Prix,Red Bull Ring,Red Bull,2019-06-30,1,25,22239,73558,8,7,7,37.0,137.0,3456.0,595.0,25.0,71,46,0.352112676056338,4.164,0.283,0.9730715614364813,1,0,Standard
4025,1018,844,6,70,2019,9,Austrian Grand Prix,Red Bull Ring,Ferrari,2019-06-30,1,22,21878,72619,1,1,2,87.0,198.0,3392.0,301.3333333333285,22.0,71,49,0.30985915492957744,,2.457,,0,0,Standard
4031,1019,9,3,9,2019,10,British Grand Prix,Silverstone Circuit,Williams,2019-07-14,1,20,28694,128267,20,17,15,0.0,0.0,34556.0,659.6666666666715,20.0,52,32,0.38461538461538464,4.913,,,3,1,Emergency
4042,1019,822,131,9,2019,10,British Grand Prix,Silverstone Circuit,Mercedes,2019-07-14,2,45,28177,88545,1,2,2,166.0,363.0,-239.0,149.66666666667152,29.0,52,7,0.8653846153846154,3.026,22.155,0.2915727108710248,-1,0,Overcut
4046,1019,830,9,9,2019,10,British Grand Prix,Silverstone Circuit,Red Bull,2019-07-14,1,13,27827,91138,4,4,5,126.0,169.0,-184.0,691.0,13.0,52,39,0.25,0.577,2.322,0.9351388888358657,0,0,Undercut
4063,1020,1,131,10,2019,11,German Grand Prix,Hockenheimring,Mercedes,2019-07-28,6,56,19610,98634,1,15,9,223.0,407.0,20685.0,13660.333333333328,3.0,64,8,0.875,23.678,,,-14,0,Standard
4086,1020,817,4,10,2019,11,German Grand Prix,Hockenheimring,Renault,2019-07-28,1,3,21224,120256,13,13,19,22.0,39.0,11078.0,2276.5,3.0,64,61,0.046875,1.866,1.365,0.7717513340778892,0,0,Undercut
4088,1020,822,131,10,2019,11,German Grand Prix,Hockenheimring,Mercedes,2019-07-28,2,26,20498,96761,3,2,15,184.0,407.0,7279.0,3389.3333333333285,23.0,64,38,0.40625,13.255,1.611,0.4531458453369114,1,0,Standard
4114,1020,841,51,10,2019,11,German Grand Prix,Hockenheimring,Alfa Romeo,2019-07-28,1,3,22509,120644,11,12,13,1.0,26.0,13242.0,2925.5,3.0,64,61,0.046875,0.266,1.866,1.1388077685872058,-1,0,Undercut
4123,1020,844,6,10,2019,11,German Grand Prix,Hockenheimring,Ferrari,2019-07-28,2,15,22102,105842,10,4,17,120.0,243.0,16230.0,916.3333333333285,12.0,64,49,0.234375,8.863,12.556,0.17515710288491432,6,1,Standard
4126,1020,846,1,10,2019,11,German Grand Prix,Hockenheimring,McLaren,2019-07-28,2,25,20242,99025,19,14,18,22.0,60.0,7944.0,3038.0,19.0,64,39,0.390625,1.666,6.961,0.5007061336996101,5,0,Standard
4137,1021,1,131,11,2019,12,Hungarian Grand Prix,Hungaroring,Mercedes,2019-08-04,2,48,21390,82452,3,2,1,225.0,409.0,3121.0,802.0,17.0,70,22,0.6857142857142857,3.138,37.865,0.26739273029784166,1,0,Standard
4140,1021,20,6,11,2019,12,Hungarian Grand Prix,Hungaroring,Ferrari,2019-08-04,1,39,24819,86496,5,3,3,141.0,261.0,4326.0,1419.6666666666715,39.0,70,31,0.5571428571428572,33.477,0.141,0.905429033116541,2,0,Standard
4142,1021,807,4,11,2019,12,Hungarian Grand Prix,Hungaroring,Renault,2019-08-04,1,36,21734,85938,11,10,12,17.0,39.0,2860.0,894.6666666666715,36.0,70,34,0.5142857142857142,0.673,4.125,0.7928505824209466,1,0,Standard
4150,1021,830,9,11,2019,12,Hungarian Grand Prix,Hungaroring,Red Bull,2019-08-04,2,67,21164,85724,1,2,2,162.0,217.0,6164.0,1701.6666666666715,42.0,70,3,0.9571428571428572,5.34,56.086,0.17524613646729914,-1,0,Overcut
4160,1022,1,131,13,2019,13,Belgian Grand Prix,Circuit de Spa-Francorchamps,Mercedes,2019-09-01,1,22,23497,113415,3,1,2,250.0,438.0,4669.0,279.0,22.0,44,22,0.5,,0.601,,2,0,Standard
4165,1022,20,6,13,2019,13,Belgian Grand Prix,Circuit de Spa-Francorchamps,Ferrari,2019-09-01,1,15,22863,113829,2,4,4,156.0,288.0,4592.0,38.66666666667152,15.0,44,29,0.3409090909090909,0.571,10.823,0.721118139060801,-2,0,Standard
4166,1022,20,6,13,2019,13,Belgian Grand Prix,Circuit de Spa-Francorchamps,Ferrari,2019-09-01,2,33,22786,113728,2,4,4,156.0,288.0,6641.0,1856.3333333333285,18.0,44,11,0.75,3.659,30.531,0.24635315474206781,-2,0,Standard
4169,1022,807,4,13,2019,13,Belgian Grand Prix,Circuit de Spa-Francorchamps,Renault,2019-09-01,2,31,23000,115785,12,12,8,17.0,39.0,6319.0,1171.6666666666715,20.0,44,13,0.7045454545454546,5.9,0.4,0.8592132505175983,0,0,Standard
4175,1022,832,1,13,2019,13,Belgian Grand Prix,Circuit de Spa-Francorchamps,McLaren,2019-09-01,1,1,59291,194682,15,19,19,58.0,82.0,0.0,0.0,1.0,44,43,0.022727272727272728,27.0,,,-4,0,Standard
4179,1022,842,5,13,2019,13,Belgian Grand Prix,Circuit de Spa-Francorchamps,Toro Rosso,2019-09-01,1,13,22772,114888,13,9,9,63.0,43.0,4272.0,654.3333333333285,13.0,44,31,0.29545454545454547,1.122,0.285,1.2494636511330255,4,0,Standard
4190,1023,20,6,14,2019,14,Italian Grand Prix,Autodromo Nazionale di Monza,Ferrari,2019-09-08,1,6,32443,111038,4,19,13,169.0,326.0,26108.0,126.66666666667152,6.0,53,47,0.11320754716981132,0.793,10.131,0.647563671958594,-15,0,Undercut
4196,1023,815,211,14,2019,14,Italian Grand Prix,Autodromo Nazionale di Monza,Racing Point,2019-09-08,1,28,25340,101911,18,7,7,21.0,40.0,16305.0,147.33333333332848,28.0,53,25,0.5283018867924528,13.59,4.316,0.2566514578823947,11,1,Overcut
4198,1023,822,131,14,2019,14,Italian Grand Prix,Autodromo Nazionale di Monza,Mercedes,2019-09-08,1,27,23700,89671,3,1,2,203.0,471.0,5029.0,452.6666666666715,27.0,53,26,0.5094339622641509,,10.429,,2,0,Standard
4199,1023,825,210,14,2019,14,Italian Grand Prix,Autodromo Nazionale di Monza,Haas F1 Team,2019-09-08,1,20,24400,91215,11,13,18,18.0,26.0,4990.0,103.66666666667152,20.0,53,33,0.37735849056603776,2.035,0.348,1.071329054209299,-2,0,Standard
4210,1023,846,1,14,2019,14,Italian Grand Prix,Autodromo Nazionale di Monza,McLaren,2019-09-08,1,23,24311,90637,16,12,10,24.0,82.0,4760.0,802.6666666666715,23.0,53,30,0.4339622641509434,2.956,6.982,0.37806247069049953,4,0,Standard
4212,1023,848,9,14,2019,14,Italian Grand Prix,Autodromo Nazionale di Monza,Red Bull,2019-09-08,1,26,29830,90275,8,7,6,26.0,254.0,5063.0,876.3333333333285,26.0,53,27,0.49056603773584906,5.497,0.779,0.7160307394868891,1,0,Standard
4220,1024,807,4,15,2019,15,Singapore Grand Prix,Marina Bay Street Circuit,Renault,2019-09-22,1,1,29563,124660,8,18,9,31.0,65.0,0.0,0.0,1.0,61,60,0.01639344262295082,0.783,18.994,0.6108675002949567,-10,0,Undercut
4221,1024,807,4,15,2019,15,Singapore Grand Prix,Marina Bay Street Circuit,Renault,2019-09-22,2,36,29152,135770,8,9,9,31.0,65.0,28442.0,2299.3333333333285,35.0,61,25,0.5901639344262295,0.734,0.825,1.1246464742222433,-1,1,Emergency
4247,1025,807,4,71,2019,16,Russian Grand Prix,Sochi Autodrom,Renault,2019-09-29,1,16,34264,105342,6,9,10,33.0,67.0,5093.0,516.6666666666715,16.0,53,37,0.3018867924528302,2.9,2.505,0.5417169611178171,-3,0,Standard
4259,1025,841,51,71,2019,16,Russian Grand Prix,Sochi Autodrom,Alfa Romeo,2019-09-29,2,27,30227,120347,12,14,15,4.0,35.0,19099.0,218.66666666667152,25.0,53,26,0.5094339622641509,2.369,6.441,0.43121452228391793,-2,0,Standard
4299,1027,8,51,32,2019,18,Mexican Grand Prix,Autódromo Hermanos Rodríguez,Alfa Romeo,2019-10-27,2,52,22963,84490,14,13,19,31.0,35.0,3164.0,1016.0,37.0,71,19,0.7323943661971831,2.461,5.116,0.45243939334099165,1,0,Standard
4312,1027,832,1,32,2019,18,Mexican Grand Prix,Autódromo Hermanos Rodríguez,McLaren,2019-10-27,1,15,22241,88492,7,9,13,76.0,111.0,5337.0,137.33333333332848,15.0,71,56,0.2112676056338028,0.347,2.278,1.0474545608549586,-2,0,Undercut
4314,1027,840,211,32,2019,18,Mexican Grand Prix,Autódromo Hermanos Rodríguez,Racing Point,2019-10-27,1,37,22745,85458,16,7,12,21.0,58.0,3371.0,540.6666666666715,37.0,71,34,0.5211267605633803,11.856,2.336,0.3775448838191426,9,0,Standard
4317,1027,842,5,32,2019,18,Mexican Grand Prix,Autódromo Hermanos Rodríguez,Toro Rosso,2019-10-27,2,49,22618,84263,10,12,9,75.0,62.0,3429.0,109.0,40.0,71,22,0.6901408450704225,1.723,12.839,0.4395015688125526,-2,0,Overcut
4318,1027,844,6,32,2019,18,Mexican Grand Prix,Autódromo Hermanos Rodríguez,Ferrari,2019-10-27,1,15,22002,84121,1,2,4,223.0,435.0,3190.0,181.66666666667152,15.0,71,56,0.2112676056338028,0.482,1.698,1.0454087548231359,-1,0,Undercut
4321,1027,848,9,32,2019,18,Mexican Grand Prix,Autódromo Hermanos Rodríguez,Red Bull,2019-10-27,1,14,22192,84888,5,4,5,64.0,323.0,3421.0,114.0,14.0,71,57,0.19718309859154928,2.243,3.946,0.5105400427609238,1,0,Standard
4334,1028,825,210,69,2019,19,United States Grand Prix,Circuit of the Americas,Haas F1 Team,2019-11-03,1,18,24929,103621,12,14,18,20.0,28.0,494.0,1086.3333333333285,18.0,56,38,0.32142857142857145,7.107,0.662,0.7250349084009793,-2,0,Standard
4337,1028,826,5,69,2019,19,United States Grand Prix,Circuit of the Americas,Toro Rosso,2019-11-03,2,39,24162,103211,13,13,12,34.0,64.0,2663.0,992.6666666666715,18.0,56,17,0.6964285714285714,2.366,21.289,0.34195371251634826,0,0,Standard
4340,1028,832,1,69,2019,19,United States Grand Prix,Circuit of the Americas,McLaren,2019-11-03,1,18,24784,103713,7,8,8,76.0,111.0,1025.0,695.6666666666715,18.0,56,38,0.32142857142857145,2.792,2.51,0.5486133650690612,-1,0,Standard
4342,1028,840,211,69,2019,19,United States Grand Prix,Circuit of the Americas,Racing Point,2019-11-03,2,29,25195,102386,14,11,13,21.0,64.0,637.0,274.0,20.0,56,27,0.5178571428571429,8.683,0.283,0.8826970055997249,3,0,Standard
4349,1028,846,1,69,2019,19,United States Grand Prix,Circuit of the Americas,McLaren,2019-11-03,1,19,24678,103932,8,6,7,35.0,111.0,1784.0,956.3333333333285,19.0,56,37,0.3392857142857143,4.821,5.11,0.3354579094654464,2,0,Standard
4369,1029,807,4,18,2019,20,Brazilian Grand Prix,Autódromo José Carlos Pace,Renault,2019-11-17,1,27,23344,79645,13,13,15,37.0,83.0,4542.0,644.0,27.0,71,44,0.38028169014084506,1.373,3.016,0.6704114851172638,0,0,Standard
4383,1029,830,9,18,2019,20,Brazilian Grand Prix,Autódromo José Carlos Pace,Red Bull,2019-11-17,2,44,22657,76121,1,1,1,235.0,366.0,3673.0,428.3333333333285,23.0,71,27,0.6197183098591549,,8.847,,0,0,Standard
4398,1029,847,3,18,2019,20,Brazilian Grand Prix,Autódromo José Carlos Pace,Williams,2019-11-17,3,66,22441,92111,18,14,12,0.0,1.0,18359.0,762.0,12.0,71,5,0.9295774647887324,5.061,26.102,0.20188692162726934,4,1,Standard
4402,1030,8,51,24,2019,21,Abu Dhabi Grand Prix,Yas Marina Circuit,Alfa Romeo,2019-12-01,1,22,22410,107583,17,9,13,43.0,57.0,2361.0,500.0,22.0,55,33,0.4,4.754,0.036,1.1390431098460296,8,0,Standard
4403,1030,9,3,24,2019,21,Abu Dhabi Grand Prix,Yas Marina Circuit,Williams,2019-12-01,1,24,21688,109673,19,17,19,1.0,1.0,3394.0,1127.6666666666715,24.0,55,31,0.43636363636363634,0.443,0.434,1.3903507627357001,2,0,Standard
4404,1030,20,6,24,2019,21,Abu Dhabi Grand Prix,Yas Marina Circuit,Ferrari,2019-12-01,1,12,25771,106406,4,4,5,230.0,479.0,3172.0,791.6666666666715,12.0,55,43,0.21818181818181817,8.044,2.405,0.4042563002478988,0,0,Standard
4411,1030,822,131,24,2019,21,Abu Dhabi Grand Prix,Yas Marina Circuit,Mercedes,2019-12-01,1,29,21145,104574,20,4,4,314.0,701.0,2056.0,363.3333333333285,29.0,55,26,0.5272727272727272,17.688,3.125,0.2959345163968452,16,0,Standard
4423,1030,846,1,24,2019,21,Abu Dhabi Grand Prix,Yas Marina Circuit,McLaren,2019-12-01,1,8,22974,108001,6,7,8,45.0,140.0,2939.0,224.0,8.0,55,47,0.14545454545454545,0.136,0.665,1.4808822907414456,-1,0,Undercut
4425,1030,848,9,24,2019,21,Abu Dhabi Grand Prix,Yas Marina Circuit,Red Bull,2019-12-01,1,13,22028,105896,5,3,6,84.0,391.0,2070.0,334.3333333333285,13.0,55,42,0.23636363636363636,13.335,6.848,0.197180329291061,2,0,Standard
4432,1031,20,6,70,2020,1,Austrian Grand Prix,Red Bull Ring,Ferrari,2020-07-05,3,56,19330,117835,11,11,10,0.0,0.0,48389.0,21020.33333333333,5.0,71,15,0.7887323943661971,2.046,1.186,0.785755950689609,0,0,Standard
4437,1031,822,131,70,2020,1,Austrian Grand Prix,Red Bull Ring,Mercedes,2020-07-05,2,56,16407,114808,1,1,1,0.0,0.0,46677.0,37293.0,30.0,71,15,0.7887323943661971,,1.585,,0,0,Standard
4441,1031,832,1,70,2020,1,Austrian Grand Prix,Red Bull Ring,McLaren,2020-07-05,1,26,23827,90179,8,7,5,0.0,0.0,20169.0,186.66666666667152,26.0,71,45,0.36619718309859156,2.275,14.159,0.37131092354880507,1,1,Overcut
4492,1033,154,210,11,2020,3,Hungarian Grand Prix,Hungaroring,Haas F1 Team,2020-07-19,1,34,22591,91657,0,11,16,0.0,0.0,8387.0,1821.6666666666715,34.0,70,36,0.4857142857142857,2.29,5.455,0.4588700354806128,-11,0,Standard
4502,1033,826,213,11,2020,3,Hungarian Grand Prix,Hungaroring,AlphaTauri,2020-07-19,2,18,22685,88636,17,14,12,1.0,7.0,4855.0,1758.3333333333285,17.0,70,52,0.2571428571428571,2.599,0.1,1.1869458688019399,3,0,Standard
4511,1033,840,211,11,2020,3,Hungarian Grand Prix,Hungaroring,Racing Point,2020-07-19,3,52,22057,83652,3,4,4,6.0,22.0,2939.0,520.6666666666715,17.0,70,18,0.7428571428571429,13.583,19.374,0.11765515949596217,-1,0,Standard
4532,1034,8,51,9,2020,4,British Grand Prix,Silverstone Circuit,Alfa Romeo,2020-08-02,2,47,44085,114836,16,17,17,0.0,2.0,23342.0,309.6666666666715,35.0,52,5,0.9038461538461539,28.488,,,-1,0,Overcut
4544,1034,841,51,9,2020,4,British Grand Prix,Silverstone Circuit,Alfa Romeo,2020-08-02,1,12,28355,99880,15,12,14,2.0,2.0,6435.0,228.66666666667152,12.0,52,40,0.23076923076923078,0.943,5.642,0.6652251002409378,3,0,Standard
4571,1035,830,9,9,2020,5,70th Anniversary Grand Prix,Silverstone Circuit,Red Bull,2020-08-09,1,26,29115,90444,4,1,1,52.0,78.0,-638.0,160.66666666667152,26.0,52,26,0.5,,20.06,,3,0,Overcut
4585,1035,847,3,9,2020,5,70th Anniversary Grand Prix,Silverstone Circuit,Williams,2020-08-09,1,8,28391,93267,15,14,18,0.0,0.0,-1178.0,107.0,8.0,52,44,0.15384615384615385,0.074,1.214,1.3827698798403254,1,0,Undercut
4586,1035,847,3,9,2020,5,70th Anniversary Grand Prix,Silverstone Circuit,Williams,2020-08-09,2,24,28331,92492,15,15,18,0.0,0.0,-42.0,1334.0,16.0,52,28,0.46153846153846156,5.555,0.738,0.7279292943922322,0,0,Standard
4594,1036,1,131,4,2020,6,Spanish Grand Prix,Circuit de Barcelona-Catalunya,Mercedes,2020-08-16,2,50,21853,84990,1,1,1,107.0,180.0,3451.0,849.6666666666715,27.0,66,16,0.7575757575757576,,28.678,,0,0,Standard
4599,1036,154,210,4,2020,6,Spanish Grand Prix,Circuit de Barcelona-Catalunya,Haas F1 Team,2020-08-16,2,62,24010,93951,17,19,19,0.0,1.0,10611.0,1709.0,30.0,66,4,0.9393939393939394,1.945,,,-2,0,Standard
4609,1036,830,9,4,2020,6,Spanish Grand Prix,Circuit de Barcelona-Catalunya,Red Bull,2020-08-16,2,41,21601,86019,3,3,2,77.0,113.0,3123.0,740.3333333333285,20.0,66,25,0.6212121212121212,1.075,52.709,0.5005465642943779,0,0,Standard
4616,1036,841,51,4,2020,6,Spanish Grand Prix,Circuit de Barcelona-Catalunya,Alfa Romeo,2020-08-16,2,45,21794,90045,20,17,16,2.0,2.0,6431.0,1538.6666666666715,24.0,66,21,0.6818181818181818,0.588,6.125,0.7700737991073401,3,0,Standard
4620,1036,846,1,4,2020,6,Spanish Grand Prix,Circuit de Barcelona-Catalunya,McLaren,2020-08-16,1,21,22099,89205,8,9,10,38.0,53.0,4453.0,295.0,21.0,66,45,0.3181818181818182,1.867,0.446,1.0403595837789776,-1,0,Standard
4627,1036,849,3,4,2020,6,Spanish Grand Prix,Circuit de Barcelona-Catalunya,Williams,2020-08-16,2,49,22475,89352,19,19,18,0.0,0.0,6527.0,1399.6666666666715,21.0,66,17,0.7424242424242424,0.294,,,0,0,Standard
4637,1037,826,213,13,2020,7,Belgian Grand Prix,Circuit de Spa-Francorchamps,AlphaTauri,2020-08-30,1,11,23769,155082,11,11,11,2.0,16.0,43973.0,2493.3333333333285,11.0,44,33,0.25,4.746,2.569,0.45422464024579523,0,1,Emergency
4639,1037,839,4,13,2020,7,Belgian Grand Prix,Circuit de Spa-Francorchamps,Renault,2020-08-30,1,11,24305,158192,6,5,5,16.0,36.0,47365.0,168.66666666667152,11.0,44,33,0.25,5.187,0.904,0.686839306597053,1,1,Emergency
4644,1037,846,1,13,2020,7,Belgian Grand Prix,Circuit de Spa-Francorchamps,McLaren,2020-08-30,1,11,23046,153578,10,10,7,39.0,62.0,42097.0,1659.6666666666715,11.0,44,33,0.25,6.65,4.746,0.3047530649340604,0,1,Emergency
4646,1037,849,3,13,2020,7,Belgian Grand Prix,Circuit de Spa-Francorchamps,Williams,2020-08-30,1,10,23532,129652,19,17,16,0.0,0.0,16720.0,515.6666666666715,10.0,44,34,0.22727272727272727,2.981,,,2,0,Standard
4654,1038,154,210,14,2020,8,Italian Grand Prix,Autodromo Nazionale di Monza,Haas F1 Team,2020-09-06,2,26,1530188,176823,16,17,12,0.0,1.0,90431.0,24953.33333333333,4.0,53,27,0.49056603773584906,3.033,,,-1,1,Emergency
4655,1038,815,211,14,2020,8,Italian Grand Prix,Autodromo Nazionale di Monza,Racing Point,2020-09-06,1,22,26693,134803,4,5,10,33.0,66.0,49333.0,20548.33333333333,22.0,53,31,0.41509433962264153,0.401,0.769,1.2790669993047845,-1,1,Emergency
4665,1038,830,9,14,2020,8,Italian Grand Prix,Autodromo Nazionale di Monza,Red Bull,2020-09-06,2,26,1522796,172315,5,11,17,110.0,158.0,86776.0,25577.33333333333,4.0,53,27,0.49056603773584906,2.142,1.696,0.6891885000198328,-6,1,Emergency
4666,1038,832,1,14,2020,8,Italian Grand Prix,Autodromo Nazionale di Monza,McLaren,2020-09-06,1,22,24398,132419,3,2,2,23.0,68.0,46879.0,20885.66666666667,22.0,53,31,0.41509433962264153,0.628,6.514,0.7473355224220276,1,1,Emergency
4691,1039,8,51,76,2020,9,Tuscan Grand Prix,Autodromo Internazionale del Mugello,Alfa Romeo,2020-09-13,2,7,17594,130389,13,12,9,0.0,2.0,9620.0,11586.0,6.0,59,52,0.11864406779661017,0.935,0.915,1.0389890771213255,1,0,Undercut
4700,1039,20,6,76,2020,9,Tuscan Grand Prix,Autodromo Internazionale del Mugello,Ferrari,2020-09-13,5,43,22489,122831,14,10,10,16.0,61.0,39123.0,501.0,15.0,59,16,0.7288135593220338,3.038,26.67,0.28378757424274237,4,1,Standard
4703,1039,154,210,76,2020,9,Tuscan Grand Prix,Autodromo Internazionale del Mugello,Haas F1 Team,2020-09-13,2,8,1450651,1586417,15,13,12,0.0,1.0,1469196.0,17352.333333333343,1.0,59,51,0.13559322033898305,3.691,,,2,1,Emergency
4735,1039,844,6,76,2020,9,Tuscan Grand Prix,Autodromo Internazionale del Mugello,Ferrari,2020-09-13,5,45,1285145,1384706,5,10,8,45.0,61.0,1302200.0,17635.0,8.0,59,14,0.7627118644067796,0.319,3.889,0.9626909196132922,-5,1,Emergency
4749,1039,848,9,76,2020,9,Tuscan Grand Prix,Autodromo Internazionale del Mugello,Red Bull,2020-09-13,4,43,22822,110967,4,4,3,48.0,158.0,29211.0,388.6666666666715,11.0,59,16,0.7288135593220338,5.308,16.226,0.21658063444082293,0,1,Standard
4773,1040,848,9,71,2020,10,Russian Grand Prix,Sochi Autodrom,Red Bull,2020-09-27,2,27,30111,106714,15,13,10,63.0,173.0,5499.0,321.3333333333285,26.0,53,26,0.5094339622641509,1.231,1.966,0.7853839102235314,2,0,Standard
4782,1041,807,211,20,2020,11,Eifel Grand Prix,Nürburgring,Racing Point,2020-10-11,1,29,22700,96925,20,9,8,6.0,104.0,3779.0,542.0,29.0,60,31,0.48333333333333334,1.4,3.768,0.6263982102908278,11,0,Standard
4783,1041,807,211,20,2020,11,Eifel Grand Prix,Nürburgring,Racing Point,2020-10-11,2,44,22686,112748,20,8,8,6.0,104.0,21555.0,555.3333333333285,15.0,60,16,0.7333333333333333,4.394,8.515,0.2904883903038564,12,1,Standard
4790,1041,825,210,20,2020,11,Eifel Grand Prix,Nürburgring,Haas F1 Team,2020-10-11,2,34,23114,98154,15,14,13,1.0,1.0,5403.0,242.33333333332848,20.0,60,26,0.5666666666666667,1.491,23.654,0.44200657208165667,1,0,Standard
4792,1041,826,213,20,2020,11,Eifel Grand Prix,Nürburgring,AlphaTauri,2020-10-11,2,44,22527,124888,13,15,15,14.0,59.0,32674.0,628.0,27.0,60,16,0.7333333333333333,14.913,,,-2,1,Standard
4814,1042,817,4,75,2020,12,Portuguese Grand Prix,Autódromo Internacional do Algarve,Renault,2020-10-25,1,14,26999,86865,10,11,9,78.0,114.0,3254.0,815.3333333333285,14.0,66,52,0.21212121212121213,0.781,2.926,0.8161944885491074,-1,0,Undercut
4822,1042,840,211,75,2020,12,Portuguese Grand Prix,Autódromo Internacional do Algarve,Racing Point,2020-10-25,1,18,36314,98849,12,16,20,57.0,120.0,16141.0,830.6666666666715,18.0,66,48,0.2727272727272727,1.246,1.743,0.8098003206737849,-4,0,Standard
4830,1042,848,9,75,2020,12,Portuguese Grand Prix,Autódromo Internacional do Algarve,Red Bull,2020-10-25,1,19,26287,87293,6,9,12,64.0,211.0,4215.0,547.3333333333285,19.0,66,47,0.2878787878787879,3.016,1.946,0.5884472970304796,-3,0,Standard
4832,1042,849,3,75,2020,12,Portuguese Grand Prix,Autódromo Internacional do Algarve,Williams,2020-10-25,1,24,26739,87384,20,17,18,0.0,0.0,3770.0,154.0,24.0,66,42,0.36363636363636365,2.151,3.534,0.5379153690085432,3,0,Standard
4852,1043,840,211,21,2020,13,Emilia Romagna Grand Prix,Autodromo Enzo e Dino Ferrari,Racing Point,2020-11-01,1,1,36189,101716,15,19,13,57.0,126.0,0.0,0.0,1.0,63,62,0.015873015873015872,7.3,10.542,0.20712202474775204,-4,0,Standard
4855,1043,841,51,21,2020,13,Emilia Romagna Grand Prix,Autodromo Enzo e Dino Ferrari,Alfa Romeo,2020-11-01,1,10,29745,86022,20,16,10,3.0,5.0,4830.0,75.0,10.0,63,53,0.15873015873015872,1.549,8.72,0.49519136851859924,4,0,Standard
4876,1044,825,210,5,2020,14,Turkish Grand Prix,Istanbul Park,Haas F1 Team,2020-11-15,1,8,24552,115785,13,10,17,1.0,3.0,1519.0,1430.6666666666715,8.0,58,50,0.13793103448275862,4.417,10.585,0.27092253968926766,3,0,Standard
4895,1044,847,3,5,2020,14,Turkish Grand Prix,Istanbul Park,Williams,2020-11-15,1,32,22692,105196,0,13,16,0.0,0.0,992.0,527.0,32.0,58,26,0.5517241379310345,0.056,1.85,1.2978468899521531,-13,0,Standard
4918,1045,822,131,3,2020,15,Bahrain Grand Prix,Bahrain International Circuit,Mercedes,2020-11-29,3,25,24734,100305,2,7,8,197.0,504.0,4282.0,242.66666666667152,21.0,57,32,0.43859649122807015,4.609,0.268,0.9669284323920603,-5,0,Standard
4955,1045,849,3,3,2020,15,Bahrain Grand Prix,Bahrain International Circuit,Williams,2020-11-29,1,1,1157995,177400,20,16,14,0.0,0.0,0.0,0.0,1.0,57,56,0.017543859649122806,2.644,1.882,0.6214049732203594,4,0,Standard
4964,1046,815,211,3,2020,16,Sakhir Grand Prix,Bahrain International Circuit,Racing Point,2020-12-06,1,1,24214,100485,5,18,1,100.0,154.0,0.0,0.0,1.0,87,86,0.011494252873563218,2.455,,,-13,0,Undercut
4988,1046,848,9,3,2020,16,Sakhir Grand Prix,Bahrain International Circuit,Red Bull,2020-12-06,1,47,23874,61752,12,5,6,85.0,274.0,3359.0,244.33333333333576,47.0,87,40,0.5402298850574713,1.464,0.797,0.9623271831118241,7,0,Standard
5003,1047,825,210,24,2020,17,Abu Dhabi Grand Prix,Yas Marina Circuit,Haas F1 Team,2020-12-13,2,47,23098,109526,20,18,18,1.0,3.0,7263.0,4916.6666666666715,16.0,55,8,0.8545454545454545,33.033,11.652,0.10842213280578625,2,0,Standard
5005,1047,830,9,24,2020,17,Abu Dhabi Grand Prix,Yas Marina Circuit,Red Bull,2020-12-13,1,10,21289,126235,1,1,1,189.0,282.0,24028.0,332.3333333333285,10.0,55,45,0.18181818181818182,,4.917,,0,1,Standard
5007,1047,839,4,24,2020,17,Abu Dhabi Grand Prix,Yas Marina Circuit,Renault,2020-12-13,1,10,21615,138556,10,12,9,60.0,172.0,33959.0,640.0,10.0,55,45,0.18181818181818182,0.618,0.473,1.2969335975033085,-2,1,Undercut
5010,1047,842,213,24,2020,17,Abu Dhabi Grand Prix,Yas Marina Circuit,AlphaTauri,2020-12-13,1,10,22000,134631,9,8,8,71.0,103.0,30345.0,870.3333333333285,10.0,55,45,0.18181818181818182,2.938,3.94,0.4563651579235231,1,1,Standard
5012,1047,846,1,24,2020,17,Abu Dhabi Grand Prix,Yas Marina Circuit,McLaren,2020-12-13,1,10,21840,132176,4,5,5,87.0,184.0,28297.0,526.6666666666715,10.0,55,45,0.18181818181818182,6.563,7.199,0.2541887563904597,-1,1,Standard
5016,1047,849,3,24,2020,17,Abu Dhabi Grand Prix,Yas Marina Circuit,Williams,2020-12-13,2,35,22384,105609,18,16,17,0.0,0.0,1551.0,94.0,24.0,55,20,0.6363636363636364,12.752,0.457,0.7590584939688563,2,0,Standard
5017,1047,850,210,24,2020,17,Abu Dhabi Grand Prix,Yas Marina Circuit,Haas F1 Team,2020-12-13,1,10,26329,143976,17,18,19,0.0,3.0,37906.0,1460.0,10.0,55,45,0.18181818181818182,6.469,0.928,0.6525589309950006,-1,1,Emergency
5037,1051,841,51,78,2021,20,Qatar Grand Prix,Losail International Circuit,Alfa Romeo,2021-11-21,2,32,25347,109375,18,17,15,1.0,11.0,20481.0,1462.6666666666715,17.0,57,25,0.5614035087719298,8.953,0.257,0.8960171677209056,1,0,Standard
5055,1052,8,51,3,2021,1,Bahrain Grand Prix,Bahrain International Circuit,Alfa Romeo,2021-03-28,2,29,24046,99035,14,9,11,0.0,0.0,2699.0,290.0,16.0,56,27,0.5178571428571429,8.339,0.73,0.6851125276746716,5,0,Standard
5066,1052,830,9,3,2021,1,Bahrain Grand Prix,Bahrain International Circuit,Red Bull,2021-03-28,2,39,23848,97828,1,1,2,0.0,0.0,3407.0,1333.0,22.0,56,17,0.6964285714285714,,10.9,,0,0,Standard
5092,1053,1,131,21,2021,2,Emilia Romagna Grand Prix,Autodromo Enzo e Dino Ferrari,Mercedes,2021-04-18,3,32,1494731,167378,1,9,2,25.0,41.0,84240.0,38015.66666666667,1.0,63,31,0.5079365079365079,1.575,6.987,0.5135529701784818,-8,1,Emergency
5093,1053,1,131,21,2021,2,Emilia Romagna Grand Prix,Autodromo Enzo e Dino Ferrari,Mercedes,2021-04-18,4,33,65870,1590280,1,9,2,25.0,41.0,1507142.0,56048.0,1.0,63,30,0.5238095238095238,5.509,5.161,0.31594474373302905,-8,1,Emergency
5097,1053,8,51,21,2021,2,Emilia Romagna Grand Prix,Autodromo Enzo e Dino Ferrari,Alfa Romeo,2021-04-18,1,26,30280,93193,16,11,13,0.0,0.0,4736.0,1143.0,26.0,63,37,0.4126984126984127,1.197,4.018,0.6544487183417802,5,0,Standard
5105,1053,815,9,21,2021,2,Emilia Romagna Grand Prix,Autodromo Enzo e Dino Ferrari,Red Bull,2021-04-18,1,28,44608,92716,2,4,11,10.0,28.0,6260.0,2598.3333333333285,28.0,63,35,0.4444444444444444,7.646,12.637,0.1889903322747398,-2,0,Standard
5112,1053,832,6,21,2021,2,Emilia Romagna Grand Prix,Autodromo Enzo e Dino Ferrari,Ferrari,2021-04-18,1,27,30856,92015,11,6,5,4.0,12.0,4633.0,1111.3333333333285,27.0,63,36,0.42857142857142855,12.761,5.873,0.21816600923459478,5,0,Standard
5113,1053,832,6,21,2021,2,Emilia Romagna Grand Prix,Autodromo Enzo e Dino Ferrari,Ferrari,2021-04-18,2,33,1582211,118150,11,5,5,4.0,12.0,34797.0,18148.0,6.0,63,30,0.5238095238095238,3.397,11.057,0.3103671629957082,6,1,Emergency
5122,1053,841,51,21,2021,2,Emilia Romagna Grand Prix,Autodromo Enzo e Dino Ferrari,Alfa Romeo,2021-04-18,1,27,32299,92995,17,10,14,0.0,0.0,3906.0,1507.6666666666715,27.0,63,36,0.42857142857142855,15.972,9.898,0.15068053102003376,7,0,Standard
5133,1053,846,1,21,2021,2,Emilia Romagna Grand Prix,Autodromo Enzo e Dino Ferrari,McLaren,2021-04-18,2,33,1584953,116233,7,3,3,12.0,18.0,31246.0,17165.66666666667,5.0,63,30,0.5238095238095238,36.586,4.844,0.19772132523603728,4,1,Emergency
5134,1053,847,3,21,2021,2,Emilia Romagna Grand Prix,Autodromo Enzo e Dino Ferrari,Williams,2021-04-18,1,26,29983,94682,12,10,19,0.0,0.0,5807.0,452.3333333333285,26.0,63,37,0.4126984126984127,10.169,1.197,0.5446996659466085,2,0,Standard
5140,1053,853,210,21,2021,2,Emilia Romagna Grand Prix,Autodromo Enzo e Dino Ferrari,Haas F1 Team,2021-04-18,3,31,1486154,112033,19,17,17,0.0,0.0,26090.0,18288.0,8.0,63,32,0.49206349206349204,38.0,,,2,1,Emergency
5154,1054,20,117,75,2021,3,Portuguese Grand Prix,Autódromo Internacional do Algarve,Aston Martin,2021-05-02,3,22,26620,87464,10,11,13,0.0,5.0,3588.0,224.66666666667152,19.0,66,44,0.3333333333333333,1.852,0.297,1.1216411591751814,-1,0,Standard
5165,1054,830,9,75,2021,3,Portuguese Grand Prix,Autódromo Internacional do Algarve,Red Bull,2021-05-02,1,2,22718,108275,3,3,2,43.0,53.0,21571.0,0.0,2.0,66,64,0.030303030303030304,0.966,2.349,0.8072435949815117,0,0,Undercut
5193,1054,849,3,75,2021,3,Portuguese Grand Prix,Autódromo Internacional do Algarve,Williams,2021-05-02,1,2,21970,124268,18,17,18,0.0,0.0,28722.0,0.0,2.0,66,64,0.030303030303030304,1.335,0.923,0.948286325457301,1,0,Undercut
5203,1054,854,210,75,2021,3,Portuguese Grand Prix,Autódromo Internacional do Algarve,Haas F1 Team,2021-05-02,1,2,22019,124418,19,18,17,0.0,0.0,28099.0,0.0,2.0,66,64,0.030303030303030304,0.923,1.857,0.870038301707077,1,0,Undercut
5211,1055,20,117,4,2021,4,Spanish Grand Prix,Circuit de Barcelona-Catalunya,Aston Martin,2021-05-09,1,21,23087,88530,13,13,13,0.0,5.0,3574.0,573.6666666666715,21.0,66,45,0.3181818181818182,1.264,1.061,0.926897471638009,0,0,Standard
5235,1055,847,3,4,2021,4,Spanish Grand Prix,Circuit de Barcelona-Catalunya,Williams,2021-05-09,2,28,21919,87780,15,9,14,0.0,0.0,3089.0,439.0,19.0,66,38,0.42424242424242425,1.593,1.687,0.7578159457392301,6,0,Standard
5236,1055,849,3,4,2021,4,Spanish Grand Prix,Circuit de Barcelona-Catalunya,Williams,2021-05-09,1,9,26672,114725,19,18,16,0.0,0.0,28688.0,4988.3333333333285,9.0,66,57,0.13636363636363635,0.084,37.245,0.948656433877713,1,1,Emergency
5240,1055,853,210,4,2021,4,Spanish Grand Prix,Circuit de Barcelona-Catalunya,Haas F1 Team,2021-05-09,2,42,22502,89125,20,19,19,0.0,0.0,4741.0,1141.0,20.0,66,24,0.6363636363636364,14.16,,,1,0,Standard
5248,1056,815,9,6,2021,5,Monaco Grand Prix,Circuit de Monaco,Red Bull,2021-05-23,1,35,24548,92675,9,4,4,32.0,112.0,18123.0,209.33333333332848,35.0,78,43,0.44871794871794873,3.39,4.361,0.4143227961668661,5,0,Overcut
5270,1057,8,51,73,2021,6,Azerbaijan Grand Prix,Baku City Circuit,Alfa Romeo,2021-06-06,2,47,15064,139263,14,11,10,0.0,1.0,33662.0,1132.0,34.0,51,4,0.9215686274509803,1.348,2.067,0.7519458943337578,3,1,Standard
5276,1057,815,9,73,2021,6,Azerbaijan Grand Prix,Baku City Circuit,Red Bull,2021-06-06,2,47,15277,136165,6,1,1,44.0,149.0,31478.0,78.0,34.0,51,4,0.9215686274509803,,0.716,,5,1,Standard
5277,1057,815,9,73,2021,6,Azerbaijan Grand Prix,Baku City Circuit,Red Bull,2021-06-06,3,48,1998466,186897,6,1,1,44.0,149.0,82210.0,10508.666666666672,1.0,51,3,0.9411764705882353,,1.407,,5,1,Emergency
5279,1057,817,1,73,2021,6,Azerbaijan Grand Prix,Baku City Circuit,McLaren,2021-06-06,2,47,14994,139455,13,9,9,24.0,80.0,33742.0,411.3333333333285,36.0,51,4,0.9215686274509803,5.456,2.367,0.45189496862359313,4,1,Overcut
5289,1057,841,51,73,2021,6,Azerbaijan Grand Prix,Baku City Circuit,Alfa Romeo,2021-06-06,2,34,20193,165155,20,15,11,1.0,1.0,57838.0,44112.33333333334,32.0,51,17,0.6666666666666666,0.685,1.425,1.0058429441096393,5,0,Standard
5296,1057,844,6,73,2021,6,Azerbaijan Grand Prix,Baku City Circuit,Ferrari,2021-06-06,2,47,15092,133338,1,5,4,40.0,78.0,27956.0,184.66666666667152,38.0,51,4,0.9215686274509803,2.542,2.625,0.5581884382484082,-4,1,Overcut
5303,1057,847,3,73,2021,6,Azerbaijan Grand Prix,Baku City Circuit,Williams,2021-06-06,3,47,21438,135933,15,14,17,0.0,0.0,29974.0,982.0,13.0,51,4,0.9215686274509803,0.56,10.248,0.729930335193493,1,1,Standard
5309,1057,852,213,73,2021,6,Azerbaijan Grand Prix,Baku City Circuit,AlphaTauri,2021-06-06,3,48,2003526,185185,7,6,7,2.0,18.0,80246.0,10195.0,1.0,51,3,0.9411764705882353,2.419,2.232,0.6018891228110819,1,1,Emergency
5314,1057,853,210,73,2021,6,Azerbaijan Grand Prix,Baku City Circuit,Haas F1 Team,2021-06-06,5,47,1828965,183753,18,17,14,0.0,0.0,76006.0,24196.666666666657,1.0,51,4,0.9215686274509803,135.888,,,1,1,Emergency
5316,1057,854,210,73,2021,6,Azerbaijan Grand Prix,Baku City Circuit,Haas F1 Team,2021-06-06,1,8,22440,113586,17,16,13,0.0,0.0,3879.0,171.0,8.0,51,43,0.1568627450980392,0.209,0.386,1.5486305808886454,1,0,Undercut
5329,1058,822,131,70,2021,8,Styrian Grand Prix,Red Bull Ring,Mercedes,2021-06-27,1,27,21752,72657,5,3,3,59.0,178.0,2811.0,497.3333333333285,27.0,71,44,0.38028169014084506,20.819,9.531,0.14078935845179125,2,0,Standard
5346,1059,4,214,34,2021,7,French Grand Prix,Circuit Paul Ricard,Alpine F1 Team,2021-06-20,1,18,31288,121622,9,15,8,13.0,25.0,21078.0,946.3333333333285,18.0,53,35,0.33962264150943394,6.502,2.122,0.4536052824521192,-6,0,Standard
5347,1059,8,51,34,2021,7,French Grand Prix,Circuit Paul Ricard,Alfa Romeo,2021-06-20,1,33,31327,122988,17,18,17,1.0,2.0,22394.0,912.3333333333285,33.0,53,20,0.6226415094339622,7.173,19.866,0.17027894657359813,-1,0,Overcut
5351,1059,822,131,34,2021,7,French Grand Prix,Circuit Paul Ricard,Mercedes,2021-06-20,1,17,30572,119129,3,4,4,47.0,148.0,20525.0,899.0,17.0,53,36,0.32075471698113206,15.245,8.729,0.16434288896690336,-1,0,Standard
5379,1060,840,117,70,2021,9,Austrian Grand Prix,Red Bull Ring,Aston Martin,2021-07-04,1,14,21391,74676,9,9,13,14.0,44.0,3670.0,526.6666666666715,14.0,71,57,0.19718309859154928,0.465,0.186,1.5257641770600119,0,0,Undercut
5380,1060,840,117,70,2021,9,Austrian Grand Prix,Red Bull Ring,Aston Martin,2021-07-04,2,46,21472,74296,9,15,13,14.0,44.0,4305.0,641.6666666666715,32.0,71,25,0.647887323943662,0.806,13.48,0.6227706295161004,-6,0,Overcut
5385,1060,844,6,70,2021,9,Austrian Grand Prix,Red Bull Ring,Ferrari,2021-07-04,1,34,21143,73495,12,6,8,58.0,108.0,3879.0,739.3333333333285,34.0,71,37,0.4788732394366197,1.542,8.71,0.4963776424249742,6,0,Standard
5388,1060,849,3,70,2021,9,Austrian Grand Prix,Red Bull Ring,Williams,2021-07-04,1,33,21152,75269,18,14,16,0.0,0.0,4655.0,214.33333333332848,33.0,71,38,0.4647887323943662,1.756,0.679,0.9584373171189222,4,0,Standard
5398,1061,8,51,9,2021,10,British Grand Prix,Silverstone Circuit,Alfa Romeo,2021-07-18,1,2,2062984,165159,13,9,15,1.0,2.0,28886.0,0.0,2.0,52,50,0.038461538461538464,2.59,1.328,0.7081047966382372,4,0,Standard
5420,1061,842,213,9,2021,10,British Grand Prix,Silverstone Circuit,AlphaTauri,2021-07-18,3,46,28180,93003,11,9,11,39.0,48.0,894.0,199.33333333332848,18.0,52,6,0.8846153846153846,1.012,1.096,0.9741171292853565,2,0,Standard
5429,1061,852,213,9,2021,10,British Grand Prix,Silverstone Circuit,AlphaTauri,2021-07-18,1,2,2075695,172335,16,15,10,9.0,48.0,28110.0,0.0,2.0,52,50,0.038461538461538464,2.508,1.96,0.6229005516348731,1,0,Standard
5455,1062,830,9,11,2021,11,Hungarian Grand Prix,Hungaroring,Red Bull,2021-08-01,4,20,21047,87006,3,10,9,185.0,289.0,3174.0,410.6666666666715,17.0,70,50,0.2857142857142857,1.17,8.577,0.5652463250808749,-7,0,Standard
5469,1062,842,213,11,2021,11,Hungarian Grand Prix,Hungaroring,AlphaTauri,2021-08-01,2,3,39839,1575476,5,10,5,39.0,49.0,1440273.0,23238.0,1.0,70,67,0.04285714285714286,0.608,0.624,1.237654094061711,-5,0,Undercut
5470,1062,842,213,11,2021,11,Hungarian Grand Prix,Hungaroring,AlphaTauri,2021-08-01,3,30,21295,85694,5,5,5,39.0,49.0,2869.0,300.3333333333285,27.0,70,40,0.42857142857142855,15.686,4.577,0.23923835225801865,0,0,Standard
5483,1062,853,210,11,2021,11,Hungarian Grand Prix,Hungaroring,Haas F1 Team,2021-08-01,2,2,1457420,189487,19,14,14,0.0,0.0,51693.0,0.0,1.0,70,68,0.02857142857142857,2.586,1.877,0.6264465312425547,5,0,Undercut
5485,1062,854,210,11,2021,11,Hungarian Grand Prix,Hungaroring,Haas F1 Team,2021-08-01,2,3,36813,1578155,20,9,12,0.0,0.0,1444715.0,23357.5,1.0,70,67,0.04285714285714286,0.883,0.608,1.1529579928292684,11,0,Undercut
5489,1064,1,131,39,2021,13,Dutch Grand Prix,Circuit Park Zandvoort,Mercedes,2021-09-05,3,70,19202,76335,2,2,2,202.5,310.5,3211.0,1000.6666666666715,31.0,72,2,0.9722222222222222,5.912,48.833,0.1647429497856173,0,0,Overcut
5492,1064,20,117,39,2021,13,Dutch Grand Prix,Circuit Park Zandvoort,Aston Martin,2021-09-05,1,10,18664,81791,15,16,13,35.0,53.0,3985.0,424.0,10.0,72,62,0.1388888888888889,1.692,0.167,1.2283690543945627,-1,0,Undercut
5510,1064,847,3,39,2021,13,Dutch Grand Prix,Circuit Park Zandvoort,Williams,2021-09-05,2,68,25533,82782,11,13,17,13.0,20.0,7154.0,1986.0,41.0,72,4,0.9444444444444444,2.557,0.447,0.972220792041312,-2,0,Standard
5528,1065,841,51,14,2021,14,Italian Grand Prix,Autodromo Nazionale di Monza,Alfa Romeo,2021-09-12,1,1,37190,129159,7,19,13,1.0,3.0,0.0,0.0,1.0,53,52,0.018867924528301886,6.988,,,-12,0,Standard
5558,1066,840,117,71,2021,15,Russian Grand Prix,Sochi Autodrom,Aston Martin,2021-09-26,1,12,30241,106628,7,7,11,24.0,59.0,4629.0,168.66666666667152,12.0,53,41,0.22641509433962265,1.794,0.141,1.2343339960363293,0,0,Standard
5578,1067,4,214,5,2021,16,Turkish Grand Prix,Istanbul Park,Alpine F1 Team,2021-10-10,1,30,29116,97424,5,16,16,58.0,103.0,2630.0,1240.6666666666715,30.0,58,28,0.5172413793103449,7.369,3.456,0.3439051058954211,-11,0,Standard
5584,1067,822,131,5,2021,16,Turkish Grand Prix,Istanbul Park,Mercedes,2021-10-10,1,37,22962,95037,1,1,1,151.0,397.5,1891.0,1033.0,37.0,58,21,0.6379310344827587,,11.107,,0,0,Standard
5592,1067,847,3,5,2021,16,Turkish Grand Prix,Istanbul Park,Williams,2021-10-10,1,35,23551,98537,13,16,15,16.0,23.0,3707.0,2232.6666666666715,35.0,58,23,0.603448275862069,1.262,23.372,0.4831173399400364,-3,0,Standard
5593,1067,849,3,5,2021,16,Turkish Grand Prix,Istanbul Park,Williams,2021-10-10,1,34,24104,102242,15,17,17,7.0,23.0,7353.0,2971.6666666666715,34.0,58,24,0.5862068965517241,15.573,7.743,0.17471632183301355,-2,0,Standard
5599,1069,4,214,69,2021,17,United States Grand Prix,Circuit of the Americas,Alpine F1 Team,2021-10-24,1,7,23576,104494,19,15,18,58.0,104.0,384.0,336.3333333333285,7.0,56,49,0.125,0.516,2.073,0.9850455108627616,4,0,Undercut
5600,1069,4,214,69,2021,17,United States Grand Prix,Circuit of the Americas,Alpine F1 Team,2021-10-24,2,28,23844,102779,19,11,18,58.0,104.0,-72.0,3056.3333333333285,21.0,56,28,0.5,10.732,1.774,0.44572722550810934,8,0,Standard
5606,1069,815,9,69,2021,17,United States Grand Prix,Circuit of the Americas,Red Bull,2021-10-24,1,12,25018,103229,3,2,3,135.0,397.5,1856.0,793.3333333333285,12.0,56,44,0.21428571428571427,6.383,9.429,0.23133276596284075,1,0,Standard
5624,1069,844,6,69,2021,17,United States Grand Prix,Circuit of the Americas,Ferrari,2021-10-24,2,32,23805,102603,4,3,4,116.0,232.5,1670.0,975.0,20.0,56,24,0.5714285714285714,13.692,7.851,0.18104583665631357,1,0,Standard
5634,1069,853,210,69,2021,17,United States Grand Prix,Circuit of the Americas,Haas F1 Team,2021-10-24,2,24,24611,107399,17,19,17,0.0,0.0,3697.0,3480.6666666666715,23.0,56,32,0.42857142857142855,33.369,,,-2,0,Standard
5635,1069,853,210,69,2021,17,United States Grand Prix,Circuit of the Americas,Haas F1 Team,2021-10-24,3,37,24169,107875,17,19,17,0.0,0.0,4280.0,174.66666666667152,13.0,56,19,0.6607142857142857,45.789,,,-2,0,Standard
5654,1070,841,51,32,2021,18,Mexico City Grand Prix,Autódromo Hermanos Rodríguez,Alfa Romeo,2021-11-07,1,16,22205,86592,11,8,11,1.0,7.0,3580.0,176.33333333332848,16.0,71,55,0.22535211267605634,2.588,0.578,0.9124203619161464,3,0,Standard
5658,1070,847,3,32,2021,18,Mexico City Grand Prix,Autódromo Hermanos Rodríguez,Williams,2021-11-07,1,15,21984,88101,16,12,16,16.0,23.0,4326.0,294.0,15.0,71,56,0.2112676056338028,4.869,2.338,0.4699673651639792,4,0,Standard
5687,1071,822,131,18,2021,19,São Paulo Grand Prix,Autódromo José Carlos Pace,Mercedes,2021-11-14,2,8,17837,132300,1,4,3,185.0,478.5,57463.0,19957.0,1.0,71,63,0.11267605633802817,1.849,1.899,0.6959468842876915,-3,1,Undercut
5690,1071,830,9,18,2021,19,São Paulo Grand Prix,Autódromo José Carlos Pace,Red Bull,2021-11-14,1,7,17916,119850,2,1,2,312.5,477.5,45379.0,4482.6666666666715,7.0,71,64,0.09859154929577464,,1.803,,1,1,Standard
5698,1071,839,214,18,2021,19,São Paulo Grand Prix,Autódromo José Carlos Pace,Alpine F1 Team,2021-11-14,1,7,19285,118491,8,9,8,46.0,106.0,42615.0,5105.6666666666715,7.0,71,64,0.09859154929577464,1.351,0.388,1.1458120096053308,-1,1,Undercut
5702,1071,840,117,18,2021,19,São Paulo Grand Prix,Autódromo José Carlos Pace,Aston Martin,2021-11-14,2,8,17935,132500,14,12,20,26.0,68.0,55861.0,19282.0,1.0,71,63,0.11267605633802817,1.618,1.426,0.7941721243694959,2,1,Undercut
5720,1071,846,1,18,2021,19,São Paulo Grand Prix,Autódromo José Carlos Pace,McLaren,2021-11-14,5,37,24211,79164,5,10,10,150.0,255.0,3634.0,187.66666666667152,29.0,71,34,0.5211267605633803,0.012,2.197,1.3009355361560553,-5,0,Standard
5728,1071,849,3,18,2021,19,São Paulo Grand Prix,Autódromo José Carlos Pace,Williams,2021-11-14,4,39,22958,80044,16,18,16,7.0,23.0,4321.0,553.0,26.0,71,32,0.5492957746478874,10.696,21.617,0.12971384489966659,-2,0,Standard
5738,1071,854,210,18,2021,19,São Paulo Grand Prix,Autódromo José Carlos Pace,Haas F1 Team,2021-11-14,2,8,18588,134141,18,15,18,0.0,0.0,56798.0,18503.33333333333,1.0,71,63,0.11267605633802817,0.911,1.012,1.0203041302160871,3,1,Undercut
5767,1072,840,117,77,2021,21,Saudi Arabian Grand Prix,Jeddah Corniche Circuit,Aston Martin,2021-12-05,1,9,27165,102354,18,16,11,34.0,77.0,6536.0,32.0,9.0,50,41,0.18,8.667,2.282,0.40813696961971996,2,0,Standard
5769,1072,840,117,77,2021,21,Saudi Arabian Grand Prix,Jeddah Corniche Circuit,Aston Martin,2021-12-05,3,15,1102979,199187,18,14,11,34.0,77.0,103369.0,422355.3333333333,2.0,50,35,0.3,2.054,1.42,0.740662564202482,4,1,Emergency
5775,1072,844,6,77,2021,21,Saudi Arabian Grand Prix,Jeddah Corniche Circuit,Ferrari,2021-12-05,2,13,999485,179190,4,6,7,152.0,297.5,85227.0,62104.33333333334,3.0,50,37,0.26,1.436,2.431,0.701969246879246,-2,1,Emergency
5780,1072,847,3,77,2021,21,Saudi Arabian Grand Prix,Jeddah Corniche Circuit,Williams,2021-12-05,1,9,20519,102388,14,17,19,16.0,23.0,6258.0,17.333333333328483,9.0,50,41,0.18,2.282,4.26,0.4948063292576399,-3,0,Standard
5802,1073,832,6,24,2021,22,Abu Dhabi Grand Prix,Yas Marina Circuit,Ferrari,2021-12-12,1,19,22213,92384,5,4,3,149.5,307.5,3073.0,625.3333333333285,19.0,58,39,0.3275862068965517,5.175,5.439,0.31724693841236945,1,0,Standard
5812,1073,846,1,24,2021,22,Abu Dhabi Grand Prix,Yas Marina Circuit,McLaren,2021-12-12,2,48,22173,89996,3,6,7,154.0,269.0,2043.0,53.66666666667152,31.0,58,10,0.8275862068965517,0.68,5.401,0.7514636849896965,-3,0,Overcut
5834,1074,822,51,3,2022,1,Bahrain Grand Prix,Bahrain International Circuit,Alfa Romeo,2022-03-20,2,36,25156,102299,6,7,6,0.0,0.0,3468.0,893.3333333333285,22.0,57,21,0.631578947368421,15.816,1.592,0.4452696432556883,-1,0,Standard
5845,1074,839,214,3,2022,1,Bahrain Grand Prix,Bahrain International Circuit,Alpine F1 Team,2022-03-20,1,14,30484,104080,11,8,7,0.0,0.0,3969.0,1079.3333333333285,14.0,57,43,0.24561403508771928,2.538,2.195,0.595634607848081,3,0,Standard
5846,1074,839,214,3,2022,1,Bahrain Grand Prix,Bahrain International Circuit,Alpine F1 Team,2022-03-20,2,30,25393,102618,11,9,7,0.0,0.0,4176.0,1368.6666666666715,16.0,57,27,0.5263157894736842,12.042,2.377,0.37279617383386365,2,0,Standard
5853,1074,844,6,3,2022,1,Bahrain Grand Prix,Bahrain International Circuit,Ferrari,2022-03-20,1,15,25012,102041,1,1,1,0.0,0.0,4188.0,1535.0,15.0,57,42,0.2631578947368421,,13.626,,0,0,Standard
5856,1074,846,1,3,2022,1,Bahrain Grand Prix,Bahrain International Circuit,McLaren,2022-03-20,1,24,24568,105759,13,17,15,0.0,0.0,4300.0,833.6666666666715,24.0,57,33,0.42105263157894735,5.023,1.385,0.5853174292396269,-4,0,Standard
5864,1074,848,3,3,2022,1,Bahrain Grand Prix,Bahrain International Circuit,Williams,2022-03-20,3,46,25055,132997,14,14,13,0.0,0.0,33972.0,12210.333333333328,11.0,57,11,0.8070175438596491,34.006,6.438,0.1630112746622916,0,1,Emergency
5865,1074,849,3,3,2022,1,Bahrain Grand Prix,Bahrain International Circuit,Williams,2022-03-20,1,14,24457,105315,20,18,16,0.0,0.0,3647.0,1556.6666666666715,14.0,57,43,0.24561403508771928,4.861,7.497,0.28830794420913974,2,0,Standard
5875,1074,855,51,3,2022,1,Bahrain Grand Prix,Bahrain International Circuit,Alfa Romeo,2022-03-20,3,45,28647,121756,15,9,10,0.0,0.0,25071.0,973.0,8.0,57,12,0.7894736842105263,5.693,14.837,0.2125531032512502,6,1,Emergency
5884,1075,830,9,77,2022,2,Saudi Arabian Grand Prix,Jeddah Corniche Circuit,Red Bull,2022-03-27,1,16,20731,104577,4,2,1,0.0,0.0,9943.0,514.3333333333285,16.0,50,34,0.32,3.409,5.534,0.37985440777250923,2,1,Standard
5903,1076,839,214,1,2022,3,Australian Grand Prix,Albert Park Grand Prix Circuit,Alpine F1 Team,2022-04-10,1,17,19128,101475,8,17,7,14.0,16.0,16303.0,808.0,17.0,58,41,0.29310344827586204,0.11,13.433,0.9701865656968545,-9,0,Undercut
5907,1076,842,213,1,2022,3,Australian Grand Prix,Albert Park Grand Prix Circuit,AlphaTauri,2022-04-10,1,21,18926,100851,11,15,9,4.0,8.0,15657.0,859.6666666666715,21.0,58,37,0.3620689655172414,0.366,6.14,0.8721204440780703,-4,0,Standard
5910,1076,847,131,1,2022,3,Australian Grand Prix,Albert Park Grand Prix Circuit,Mercedes,2022-04-10,1,23,18479,101064,6,3,3,22.0,38.0,16559.0,182.33333333332848,23.0,58,35,0.39655172413793105,6.615,3.611,0.34819245935203336,3,1,Standard
5911,1076,848,3,1,2022,3,Australian Grand Prix,Albert Park Grand Prix Circuit,Williams,2022-04-10,1,57,19845,98438,20,9,10,0.0,0.0,15849.0,79.33333333332848,57.0,58,1,0.9827586206896551,6.235,0.971,0.6455736724313184,11,0,Overcut
5945,1078,815,9,79,2022,5,Miami Grand Prix,Miami International Autodrome,Red Bull,2022-05-08,1,27,18519,99943,4,4,4,54.0,113.0,6112.0,530.0,27.0,57,30,0.47368421052631576,0.014,22.417,1.0288973123337375,0,0,Standard
5947,1078,817,1,79,2022,5,Miami Grand Prix,Miami International Autodrome,McLaren,2022-05-08,1,30,19484,100604,14,10,13,11.0,46.0,5783.0,218.0,30.0,57,27,0.5263157894736842,1.043,1.778,0.8494474627051862,4,0,Standard
5962,1078,849,3,79,2022,5,Miami Grand Prix,Miami International Autodrome,Williams,2022-05-08,1,34,19185,100889,19,19,14,0.0,1.0,5633.0,474.3333333333285,34.0,57,23,0.5964912280701754,12.251,,,0,0,Standard
5989,1079,832,6,4,2022,6,Spanish Grand Prix,Circuit de Barcelona-Catalunya,Ferrari,2022-05-22,2,31,21867,92700,3,5,4,53.0,157.0,5068.0,1370.0,21.0,66,35,0.4696969696969697,12.519,4.845,0.2450563668242225,-2,0,Standard
5998,1079,842,213,4,2022,6,Spanish Grand Prix,Circuit de Barcelona-Catalunya,AlphaTauri,2022-05-22,2,29,27947,94406,14,14,13,6.0,16.0,5074.0,1611.6666666666715,19.0,66,37,0.4393939393939394,3.068,29.648,0.27844959879387915,0,0,Standard
6001,1079,846,1,4,2022,6,Spanish Grand Prix,Circuit de Barcelona-Catalunya,McLaren,2022-05-22,1,12,21916,92651,11,7,8,35.0,46.0,3004.0,253.33333333332848,12.0,66,54,0.18181818181818182,8.381,4.804,0.2788934126496281,4,0,Standard
6021,1080,1,131,6,2022,7,Monaco Grand Prix,Circuit de Monaco,Mercedes,2022-05-29,2,22,24507,105059,8,8,8,46.0,120.0,14813.0,1469.0,7.0,64,42,0.34375,12.454,5.062,0.23928939632126023,0,0,Standard
6035,1080,830,9,6,2022,7,Monaco Grand Prix,Circuit de Monaco,Red Bull,2022-05-29,1,18,27009,109118,4,4,3,110.0,195.0,17738.0,685.0,18.0,64,46,0.28125,8.383,2.795,0.3700803333812152,0,0,Standard
6036,1080,830,9,6,2022,7,Monaco Grand Prix,Circuit de Monaco,Red Bull,2022-05-29,2,22,26930,104688,4,3,3,110.0,195.0,19883.0,2105.3333333333285,4.0,64,42,0.34375,1.33,3.652,0.6441458563209695,1,0,Undercut
6038,1080,832,6,6,2022,7,Monaco Grand Prix,Circuit de Monaco,Ferrari,2022-05-29,1,21,24666,107551,2,3,2,65.0,169.0,15900.0,158.33333333332848,21.0,64,43,0.328125,9.285,6.466,0.23116950463882224,-1,0,Standard
6042,1080,840,117,6,2022,7,Monaco Grand Prix,Circuit de Monaco,Aston Martin,2022-05-29,1,1,26731,205123,18,19,14,2.0,6.0,0.0,0.0,1.0,64,63,0.015625,12.347,21.154,0.12006177914275044,-1,0,Standard
6055,1080,846,1,6,2022,7,Monaco Grand Prix,Circuit de Monaco,McLaren,2022-05-29,4,51,24607,95948,5,6,6,39.0,50.0,19203.0,1424.3333333333285,21.0,64,13,0.796875,25.241,14.05,0.10455348652365037,-1,0,Standard
6065,1080,852,213,6,2022,7,Monaco Grand Prix,Circuit de Monaco,AlphaTauri,2022-05-29,1,6,25068,120171,11,17,17,11.0,17.0,16230.0,2270.0,6.0,64,58,0.09375,2.523,1.226,0.7330852906289793,-6,0,Standard
6068,1080,852,213,6,2022,7,Monaco Grand Prix,Circuit de Monaco,AlphaTauri,2022-05-29,4,56,25266,110325,11,17,17,11.0,17.0,31919.0,705.6666666666715,27.0,64,8,0.875,29.143,,,-6,0,Standard
6071,1080,855,51,6,2022,7,Monaco Grand Prix,Circuit de Monaco,Alfa Romeo,2022-05-29,1,19,25594,113108,20,17,16,1.0,39.0,18120.0,631.3333333333285,19.0,64,45,0.296875,0.64,1.162,1.0722907876627332,3,0,Undercut
6082,1081,830,9,73,2022,8,Azerbaijan Grand Prix,Baku City Circuit,Red Bull,2022-06-12,1,18,21468,113486,3,1,1,125.0,235.0,5238.0,916.0,18.0,51,33,0.35294117647058826,,3.073,,2,0,Standard
6086,1081,842,213,73,2022,8,Azerbaijan Grand Prix,Baku City Circuit,AlphaTauri,2022-06-12,1,9,22698,127392,6,5,5,6.0,17.0,17544.0,387.6666666666715,9.0,51,42,0.17647058823529413,6.606,4.852,0.30235690102554214,1,1,Standard
6100,1082,1,131,7,2022,9,Canadian Grand Prix,Circuit Gilles Villeneuve,Mercedes,2022-06-19,1,9,23845,115793,4,6,3,62.0,161.0,37630.0,217.0,9.0,70,61,0.12857142857142856,1.736,0.106,1.269656208030625,-2,1,Undercut
6110,1082,830,9,7,2022,9,Canadian Grand Prix,Circuit Gilles Villeneuve,Red Bull,2022-06-19,1,9,24217,112842,1,3,1,150.0,279.0,35085.0,196.33333333332848,9.0,70,61,0.12857142857142856,6.318,3.46,0.3608646043847899,-2,1,Standard
6111,1082,830,9,7,2022,9,Canadian Grand Prix,Circuit Gilles Villeneuve,Red Bull,2022-06-19,2,43,23704,93478,1,2,1,150.0,279.0,16122.0,767.6666666666715,34.0,70,27,0.6142857142857143,9.4,1.644,0.47436867217502615,-1,0,Standard
6120,1082,846,1,7,2022,9,Canadian Grand Prix,Circuit Gilles Villeneuve,McLaren,2022-06-19,1,19,43032,122715,14,18,15,50.0,65.0,43287.0,727.0,19.0,70,51,0.2714285714285714,2.623,,,-4,1,Emergency
6122,1082,847,131,7,2022,9,Canadian Grand Prix,Circuit Gilles Villeneuve,Mercedes,2022-06-19,1,19,23951,94337,8,5,4,99.0,161.0,16564.0,241.66666666667152,19.0,70,51,0.2714285714285714,14.653,13.924,0.13089168172040153,3,1,Standard
6129,1082,852,213,7,2022,9,Canadian Grand Prix,Circuit Gilles Villeneuve,AlphaTauri,2022-06-19,2,47,23450,95346,20,15,18,11.0,27.0,17037.0,1313.3333333333285,38.0,70,23,0.6714285714285714,0.094,5.881,1.0594044964447846,5,0,Standard
6131,1082,855,51,7,2022,9,Canadian Grand Prix,Circuit Gilles Villeneuve,Alfa Romeo,2022-06-19,2,49,23980,123273,10,10,8,1.0,41.0,44635.0,938.3333333333285,30.0,70,21,0.7,7.14,5.58,0.27482580674070034,0,1,Emergency
6141,1083,815,9,9,2022,10,British Grand Prix,Silverstone Circuit,Red Bull,2022-07-03,1,1,3034772,154001,4,6,2,129.0,304.0,0.0,0.0,1.0,52,51,0.019230769230769232,3.029,2.286,0.5525219094009091,-2,0,Standard
6148,1083,822,51,9,2022,10,British Grand Prix,Silverstone Circuit,Alfa Romeo,2022-07-03,1,1,3055732,162397,12,9,17,46.0,51.0,0.0,0.0,1.0,52,51,0.019230769230769232,2.827,4.481,0.4437497386868011,3,0,Standard
6159,1083,839,214,9,2022,10,British Grand Prix,Silverstone Circuit,Alpine F1 Team,2022-07-03,2,22,30342,94779,15,7,15,39.0,57.0,-70.0,177.0,21.0,52,30,0.4230769230769231,3.602,0.292,0.9912906355158545,8,0,Standard
6180,1084,1,131,70,2022,11,Austrian Grand Prix,Red Bull Ring,Mercedes,2022-07-10,2,51,22697,73774,8,4,3,93.0,204.0,3970.0,742.0,23.0,71,20,0.7183098591549296,11.035,34.125,0.11156073551784756,4,0,Standard
6210,1084,847,131,70,2022,11,Austrian Grand Prix,Red Bull Ring,Mercedes,2022-07-10,2,40,21731,75138,4,9,4,111.0,204.0,4939.0,1361.3333333333285,29.0,71,31,0.5633802816901409,3.878,1.413,0.6194239314958421,-5,0,Standard
6212,1084,848,3,70,2022,11,Austrian Grand Prix,Red Bull Ring,Williams,2022-07-10,2,41,22122,75405,15,10,12,3.0,3.0,4546.0,1405.3333333333285,30.0,71,30,0.5774647887323944,8.453,0.319,0.8639366365195127,5,0,Standard
6216,1084,852,213,70,2022,11,Austrian Grand Prix,Red Bull Ring,AlphaTauri,2022-07-10,2,46,21519,75742,16,15,16,11.0,27.0,5120.0,1009.6666666666715,20.0,71,25,0.647887323943662,1.233,0.038,1.411219170836472,1,0,Standard
6237,1085,847,131,34,2022,12,French Grand Prix,Circuit Paul Ricard,Mercedes,2022-07-24,1,18,38277,127168,6,4,3,128.0,237.0,28331.0,703.3333333333285,18.0,53,35,0.33962264150943394,1.124,10.5,0.5577663145828216,2,1,Emergency
6250,1086,20,117,11,2022,13,Hungarian Grand Prix,Hungaroring,Aston Martin,2022-07-31,2,46,25030,87588,18,12,10,15.0,19.0,2914.0,713.6666666666715,31.0,70,24,0.6571428571428571,0.247,4.809,0.9740712880477616,6,0,Standard
6274,1086,847,131,11,2022,13,Hungarian Grand Prix,Hungaroring,Mercedes,2022-07-31,2,39,21743,86637,1,3,3,143.0,270.0,3365.0,837.0,23.0,70,31,0.5571428571428572,0.72,4.696,0.7569571465900183,-2,0,Standard
6289,1087,4,214,13,2022,14,Belgian Grand Prix,Circuit de Spa-Francorchamps,Alpine F1 Team,2022-08-28,2,25,23954,119470,3,8,5,41.0,99.0,5516.0,1120.0,14.0,44,19,0.5681818181818182,0.202,7.968,0.943454337923265,-5,0,Standard
6294,1087,817,1,13,2022,14,Belgian Grand Prix,Circuit de Spa-Francorchamps,McLaren,2022-08-28,1,12,23085,120518,7,8,15,19.0,95.0,6118.0,1744.3333333333285,12.0,44,32,0.2727272727272727,1.443,0.061,1.3518398563592993,-1,0,Standard
6322,1087,854,210,13,2022,14,Belgian Grand Prix,Circuit de Spa-Francorchamps,Haas F1 Team,2022-08-28,1,14,24158,123227,19,16,17,12.0,34.0,7720.0,1844.6666666666715,14.0,44,30,0.3181818181818182,2.574,1.05,0.7676034230963462,3,0,Standard
6333,1088,20,117,39,2022,15,Dutch Grand Prix,Circuit Park Zandvoort,Aston Martin,2022-09-04,2,35,19156,80736,19,14,14,20.0,24.0,3561.0,490.6666666666715,26.0,72,37,0.4861111111111111,8.421,4.82,0.27796715023211654,5,0,Standard
6340,1088,817,1,39,2022,15,Dutch Grand Prix,Circuit Park Zandvoort,McLaren,2022-09-04,1,11,19546,82628,17,17,17,19.0,95.0,4554.0,437.0,11.0,72,61,0.1527777777777778,2.518,2.713,0.5535764129136493,0,0,Standard
6344,1088,817,1,39,2022,15,Dutch Grand Prix,Circuit Park Zandvoort,McLaren,2022-09-04,5,56,14493,128784,17,17,17,19.0,95.0,53207.0,10043.333333333328,1.0,72,16,0.7777777777777778,19.843,98.38,0.05804012512756367,0,1,Standard
6346,1088,822,51,39,2022,15,Dutch Grand Prix,Circuit Park Zandvoort,Alfa Romeo,2022-09-04,2,34,21049,80292,16,14,19,46.0,51.0,3234.0,740.3333333333285,18.0,72,38,0.4722222222222222,0.081,4.782,1.0980199163501774,2,0,Undercut
6368,1088,842,213,39,2022,15,Dutch Grand Prix,Circuit Park Zandvoort,AlphaTauri,2022-09-04,4,57,13973,103309,11,11,11,18.0,29.0,27199.0,12960.666666666672,1.0,72,15,0.7916666666666666,8.608,80.922,0.11628666662289452,0,1,Standard
6372,1088,844,6,39,2022,15,Dutch Grand Prix,Circuit Park Zandvoort,Ferrari,2022-09-04,4,57,14008,128137,2,4,3,186.0,357.0,53313.0,7464.6666666666715,1.0,72,15,0.7916666666666666,9.901,4.679,0.26782204255853787,-2,1,Standard
6379,1088,848,3,39,2022,15,Dutch Grand Prix,Circuit Park Zandvoort,Williams,2022-09-04,1,21,19325,81291,15,9,12,4.0,4.0,3313.0,520.3333333333285,21.0,72,51,0.2916666666666667,0.944,0.467,1.196066550531445,6,0,Undercut
6389,1088,852,213,39,2022,15,Dutch Grand Prix,Circuit Park Zandvoort,AlphaTauri,2022-09-04,3,43,52684,208313,9,20,20,11.0,29.0,131175.0,1177.3333333333285,1.0,72,29,0.5972222222222222,65.63,,,-11,0,Standard
6434,1091,830,9,15,2022,17,Singapore Grand Prix,Marina Bay Street Circuit,Red Bull,2022-10-02,2,40,29775,133541,8,13,7,335.0,545.0,15164.0,39279.0,5.0,59,19,0.6779661016949152,0.114,0.297,1.6686760913529217,-5,0,Undercut
6463,1092,830,9,22,2022,18,Japanese Grand Prix,Suzuka Circuit,Red Bull,2022-10-09,2,7,24308,112865,1,1,1,341.0,576.0,2104.0,42524.0,5.0,28,21,0.25,,1.267,,0,0,Standard
6469,1092,842,213,22,2022,18,Japanese Grand Prix,Suzuka Circuit,AlphaTauri,2022-10-09,1,1,41319,169982,17,18,18,23.0,34.0,0.0,0.0,1.0,28,27,0.03571428571428571,2.636,,,-1,0,Standard
6491,1093,4,214,69,2022,19,United States Grand Prix,Circuit of the Americas,Alpine F1 Team,2022-10-23,1,18,23870,123212,14,7,7,65.0,143.0,19249.0,388.3333333333285,18.0,56,38,0.32142857142857145,4.134,5.848,0.3408079360976302,7,1,Standard
6542,1094,848,3,32,2022,20,Mexico City Grand Prix,Autódromo Hermanos Rodríguez,Williams,2022-10-30,1,38,23182,89558,17,16,12,4.0,8.0,5008.0,194.33333333332848,38.0,71,33,0.5352112676056338,2.93,10.779,0.33934977653550424,1,0,Overcut
6558,1095,822,51,18,2022,21,São Paulo Grand Prix,Autódromo José Carlos Pace,Alfa Romeo,2022-11-13,2,45,24616,80762,14,5,9,47.0,53.0,5002.0,1310.3333333333285,21.0,71,26,0.6338028169014085,21.371,1.724,0.4118079239229044,9,0,Standard
6563,1095,832,6,18,2022,21,São Paulo Grand Prix,Autódromo José Carlos Pace,Ferrari,2022-11-13,2,36,23483,80025,7,4,3,212.0,487.0,4536.0,919.3333333333285,19.0,71,35,0.5070422535211268,2.266,18.412,0.35769946279780473,3,0,Standard
6568,1095,840,117,18,2022,21,São Paulo Grand Prix,Autódromo José Carlos Pace,Aston Martin,2022-11-13,2,48,23764,81208,15,10,10,13.0,49.0,4907.0,1086.3333333333285,19.0,71,23,0.676056338028169,1.516,0.531,1.0506241439503052,5,0,Standard
6584,1095,849,3,18,2022,21,São Paulo Grand Prix,Autódromo José Carlos Pace,Williams,2022-11-13,3,52,23640,104357,18,17,16,2.0,8.0,27138.0,615.3333333333285,20.0,71,19,0.7323943661971831,32.369,,,1,0,Standard
6590,1095,855,51,18,2022,21,São Paulo Grand Prix,Autódromo José Carlos Pace,Alfa Romeo,2022-11-13,1,16,24332,81510,13,12,12,6.0,53.0,4575.0,1064.6666666666715,16.0,71,55,0.22535211267605634,2.93,1.152,0.7191369410785399,1,0,Standard
6593,1096,4,214,24,2022,22,Abu Dhabi Grand Prix,Yas Marina Circuit,Alpine F1 Team,2022-11-20,1,19,21740,94941,10,7,20,81.0,167.0,3402.0,1383.6666666666715,19.0,58,39,0.3275862068965517,0.771,5.7,0.7139064699090656,3,0,Standard
6614,1096,848,3,24,2022,22,Abu Dhabi Grand Prix,Yas Marina Circuit,Williams,2022-11-20,2,35,21798,94033,19,12,13,4.0,8.0,3051.0,536.3333333333285,23.0,58,23,0.603448275862069,1.631,0.087,1.3000468198679882,7,0,Standard
6620,1096,854,210,24,2022,22,Abu Dhabi Grand Prix,Yas Marina Circuit,Haas F1 Team,2022-11-20,2,34,23530,93827,12,15,16,12.0,37.0,2684.0,736.0,20.0,58,24,0.5862068965517241,1.392,1.722,0.7854371293977722,-3,0,Standard
6625,1098,4,117,3,2023,1,Bahrain Grand Prix,Bahrain International Circuit,Aston Martin,2023-03-05,1,14,25800,102212,5,4,3,0.0,0.0,3112.0,1707.3333333333285,14.0,57,43,0.24561403508771928,0.266,2.26,1.0966378817395013,1,0,Undercut
6627,1098,807,210,3,2023,1,Bahrain Grand Prix,Bahrain International Circuit,Haas F1 Team,2023-03-05,1,11,26075,106790,10,16,15,0.0,0.0,6306.0,1221.3333333333285,11.0,57,46,0.19298245614035087,0.683,0.78,1.1559748175742888,-6,0,Undercut
6629,1098,807,210,3,2023,1,Bahrain Grand Prix,Bahrain International Circuit,Haas F1 Team,2023-03-05,3,40,27080,118689,10,16,15,0.0,0.0,21708.0,1180.0,14.0,57,17,0.7017543859649122,5.91,47.01,0.16554679424902735,-6,0,Standard
6640,1098,832,6,3,2023,1,Bahrain Grand Prix,Bahrain International Circuit,Ferrari,2023-03-05,2,31,24227,101274,4,4,4,0.0,0.0,3289.0,556.6666666666715,18.0,57,26,0.543859649122807,15.334,1.96,0.39905982877698315,0,0,Standard
6642,1098,839,214,3,2023,1,Bahrain Grand Prix,Bahrain International Circuit,Alpine F1 Team,2023-03-05,2,15,41462,101863,9,13,18,0.0,0.0,3214.0,8956.666666666672,3.0,57,42,0.2631578947368421,1.398,1.238,0.8638417030575822,-4,0,Undercut
6646,1098,842,214,3,2023,1,Bahrain Grand Prix,Bahrain International Circuit,Alpine F1 Team,2023-03-05,1,9,25885,104201,20,19,9,0.0,0.0,3763.0,701.0,9.0,57,48,0.15789473684210525,1.801,0.094,1.2710921341098471,1,0,Undercut
6650,1098,844,6,3,2023,1,Bahrain Grand Prix,Bahrain International Circuit,Ferrari,2023-03-05,2,33,24644,101323,3,3,19,0.0,0.0,3692.0,1063.6666666666715,20.0,57,24,0.5789473684210527,11.677,12.663,0.15207338463410225,0,0,Standard
6651,1098,846,1,3,2023,1,Bahrain Grand Prix,Bahrain International Circuit,McLaren,2023-03-05,1,10,32766,103521,11,13,17,0.0,0.0,3744.0,1011.6666666666715,10.0,57,47,0.17543859649122806,1.397,2.189,0.7307660759706296,-2,0,Undercut
6675,1099,807,210,77,2023,2,Saudi Arabian Grand Prix,Jeddah Corniche Circuit,Haas F1 Team,2023-03-19,1,11,21567,99066,10,13,12,0.0,0.0,2971.0,258.6666666666715,11.0,50,39,0.22,0.622,2.042,0.9452539093058869,-3,0,Undercut
6679,1099,822,51,77,2023,2,Saudi Arabian Grand Prix,Jeddah Corniche Circuit,Alfa Romeo,2023-03-19,3,35,21808,98834,14,18,18,4.0,4.0,2988.0,249.66666666667152,18.0,50,15,0.7,10.879,,,-4,0,Standard
6691,1099,852,213,77,2023,2,Saudi Arabian Grand Prix,Jeddah Corniche Circuit,AlphaTauri,2023-03-19,1,17,21414,102410,16,6,11,0.0,0.0,6794.0,114.66666666667152,17.0,50,33,0.34,16.732,1.092,0.5344066899608748,10,0,Standard
6701,1100,4,117,1,2023,3,Australian Grand Prix,Albert Park Grand Prix Circuit,Aston Martin,2023-04-02,2,55,874306,1013873,4,3,3,30.0,38.0,933397.0,4876.6666666666715,47.0,58,3,0.9482758620689655,180.0,3.193,0.2440175878503109,1,1,Emergency
6719,1100,830,9,1,2023,3,Australian Grand Prix,Albert Park Grand Prix Circuit,Red Bull,2023-04-02,1,8,925112,1080581,1,2,1,44.0,87.0,997738.0,4162.6666666666715,8.0,58,50,0.13793103448275862,180.0,4.489,0.18770740879045889,-1,1,Emergency
6722,1100,832,6,1,2023,3,Australian Grand Prix,Albert Park Grand Prix Circuit,Ferrari,2023-04-02,1,7,18319,108202,5,8,12,20.0,26.0,25393.0,496.0,7.0,58,51,0.1206896551724138,3.219,1.289,0.6738949877351734,-3,1,Standard
6742,1100,852,213,1,2023,3,Australian Grand Prix,Albert Park Grand Prix Circuit,AlphaTauri,2023-04-02,4,57,1871209,2002289,12,11,10,0.0,0.0,1920500.0,343069.3333333333,2.0,58,1,0.9827586206896551,0.77,2.617,0.8414439659548678,1,1,Emergency
6758,1100,858,3,1,2023,3,Australian Grand Prix,Albert Park Grand Prix Circuit,Williams,2023-04-02,3,8,938017,1106846,18,17,16,0.0,1.0,1022527.0,6397.3333333333285,6.0,58,50,0.13793103448275862,2.159,6.811,0.44458045283092584,1,1,Emergency
6780,1101,848,3,73,2023,4,Azerbaijan Grand Prix,Baku City Circuit,Williams,2023-04-30,1,7,21103,112993,12,14,12,1.0,1.0,4463.0,211.0,7.0,51,44,0.13725490196078433,0.978,0.671,1.1040052183836686,-2,0,Undercut
6786,1102,4,117,79,2023,5,Miami Grand Prix,Miami International Autodrome,Aston Martin,2023-05-07,1,24,22631,97282,2,2,3,60.0,87.0,5016.0,136.0,24.0,57,33,0.42105263157894735,9.415,7.677,0.21126256771326585,0,0,Standard
6795,1102,842,214,79,2023,5,Miami Grand Prix,Miami International Autodrome,Alpine F1 Team,2023-05-07,1,15,22417,98406,5,8,8,4.0,8.0,5261.0,298.6666666666715,15.0,57,42,0.2631578947368421,0.845,3.04,0.7895301725294481,-3,0,Standard
6832,1104,848,3,6,2023,6,Monaco Grand Prix,Circuit de Monaco,Williams,2023-05-28,1,18,24290,98414,13,20,14,1.0,1.0,19618.0,1857.0,18.0,78,60,0.23076923076923078,8.901,,,-7,0,Standard
6841,1104,858,3,6,2023,6,Monaco Grand Prix,Circuit de Monaco,Williams,2023-05-28,3,52,25946,117918,16,20,18,0.0,1.0,40616.0,8575.666666666672,29.0,78,26,0.6666666666666666,40.825,,,-4,0,Standard
6855,1105,825,210,4,2023,7,Spanish Grand Prix,Circuit de Barcelona-Catalunya,Haas F1 Team,2023-06-04,3,42,22291,86156,17,17,18,2.0,8.0,7147.0,1879.0,18.0,66,24,0.6363636363636364,3.095,10.532,0.3309154713941394,0,0,Standard
6866,1105,844,6,4,2023,7,Spanish Grand Prix,Circuit de Barcelona-Catalunya,Ferrari,2023-06-04,1,16,21778,86277,19,9,11,42.0,90.0,5450.0,864.3333333333285,16.0,66,50,0.24242424242424243,4.925,2.284,0.47328307045539814,10,0,Standard
6875,1105,852,213,4,2023,7,Spanish Grand Prix,Circuit de Barcelona-Catalunya,AlphaTauri,2023-06-04,1,10,22176,84958,15,10,12,2.0,2.0,3928.0,271.3333333333285,10.0,66,56,0.15151515151515152,1.189,0.659,1.0596023572297346,5,0,Undercut
6878,1105,855,51,4,2023,7,Spanish Grand Prix,Circuit de Barcelona-Catalunya,Alfa Romeo,2023-06-04,2,36,22889,84350,13,9,9,2.0,6.0,4402.0,585.0,27.0,66,30,0.5454545454545454,0.503,2.184,0.9794063464361059,4,0,Standard
6882,1105,857,1,4,2023,7,Spanish Grand Prix,Circuit de Barcelona-Catalunya,McLaren,2023-06-04,2,39,22862,84112,9,7,13,5.0,17.0,4327.0,886.6666666666715,22.0,66,27,0.5909090909090909,11.388,0.471,0.7605329338912001,2,0,Standard
6884,1105,858,3,4,2023,7,Spanish Grand Prix,Circuit de Barcelona-Catalunya,Williams,2023-06-04,2,36,23827,84804,20,20,20,0.0,1.0,4346.0,1095.6666666666715,19.0,66,30,0.5454545454545454,1.742,,,0,0,Standard
6885,1106,1,131,7,2023,8,Canadian Grand Prix,Circuit Gilles Villeneuve,Mercedes,2023-06-18,1,12,24339,99747,3,2,3,87.0,152.0,22189.0,77.0,12.0,70,58,0.17142857142857143,10.563,0.472,0.7658305727789915,1,1,Standard
6889,1106,807,210,7,2023,8,Canadian Grand Prix,Circuit Gilles Villeneuve,Haas F1 Team,2023-06-18,1,11,24880,95932,5,15,15,6.0,8.0,17461.0,5253.6666666666715,11.0,70,59,0.15714285714285714,9.357,0.965,0.6054589083215222,-10,0,Standard
6891,1106,815,9,7,2023,8,Canadian Grand Prix,Circuit Gilles Villeneuve,Red Bull,2023-06-18,1,37,23281,93650,12,6,6,117.0,287.0,16244.0,653.6666666666715,37.0,70,33,0.5285714285714286,22.493,0.754,0.6126912982789555,6,0,Standard
6917,1106,857,1,7,2023,8,Canadian Grand Prix,Circuit Gilles Villeneuve,McLaren,2023-06-18,2,37,23436,94059,8,13,11,5.0,17.0,16018.0,449.6666666666715,25.0,70,33,0.5285714285714286,0.535,3.582,0.8697111057714865,-5,0,Standard
6924,1107,807,210,70,2023,9,Austrian Grand Prix,Red Bull Ring,Haas F1 Team,2023-07-02,1,2,16778,115606,8,7,20,6.0,8.0,25912.0,0.0,2.0,71,69,0.028169014084507043,1.359,1.47,0.8287667353730137,1,0,Undercut
6925,1107,807,210,70,2023,9,Austrian Grand Prix,Red Bull Ring,Haas F1 Team,2023-07-02,2,11,21891,75584,8,13,20,6.0,8.0,4518.0,505.6666666666715,9.0,71,60,0.15492957746478872,0.696,0.239,1.3967251435271903,-5,0,Undercut
7009,1109,807,210,11,2023,11,Hungarian Grand Prix,Hungaroring,Haas F1 Team,2023-07-23,1,16,22922,88445,10,9,14,9.0,11.0,2833.0,421.6666666666715,16.0,70,54,0.22857142857142856,1.878,2.994,0.5978390796758029,1,0,Standard
7011,1109,815,9,11,2023,11,Hungarian Grand Prix,Hungaroring,Red Bull,2023-07-23,1,24,21862,87442,9,3,3,156.0,411.0,2922.0,245.0,24.0,70,46,0.34285714285714286,0.527,2.461,0.9438126815652077,6,0,Undercut
7024,1109,840,117,11,2023,11,Hungarian Grand Prix,Hungaroring,Aston Martin,2023-07-23,2,34,22403,87872,14,9,10,44.0,181.0,3262.0,768.0,25.0,70,36,0.4857142857142857,8.365,0.538,0.7569756244545547,5,0,Standard
7036,1109,855,51,11,2023,11,Hungarian Grand Prix,Hungaroring,Alfa Romeo,2023-07-23,2,38,22853,88435,5,14,16,4.0,9.0,4692.0,2256.3333333333285,28.0,70,32,0.5428571428571428,1.733,3.285,0.5992705089828668,-9,0,Standard
7037,1109,857,1,11,2023,11,Hungarian Grand Prix,Hungaroring,McLaren,2023-07-23,1,18,21171,87253,4,2,5,17.0,59.0,2524.0,228.0,18.0,70,52,0.2571428571428571,11.419,9.758,0.17347586182594088,2,0,Standard
7046,1110,807,210,13,2023,12,Belgian Grand Prix,Circuit de Spa-Francorchamps,Haas F1 Team,2023-07-30,1,12,24571,119370,0,12,18,9.0,11.0,5108.0,497.0,12.0,44,32,0.2727272727272727,1.972,0.652,0.9418006315604235,-12,0,Standard
7052,1110,822,51,13,2023,12,Belgian Grand Prix,Circuit de Spa-Francorchamps,Alfa Romeo,2023-07-30,1,6,23362,120115,13,16,12,5.0,9.0,5281.0,500.6666666666715,6.0,44,38,0.13636363636363635,0.914,11.78,0.6007133010532719,-3,0,Undercut
7053,1110,822,51,13,2023,12,Belgian Grand Prix,Circuit de Spa-Francorchamps,Alfa Romeo,2023-07-30,2,24,23786,118044,13,11,12,5.0,9.0,5125.0,3045.3333333333285,18.0,44,20,0.5454545454545454,1.926,0.941,0.8569618510235122,2,0,Standard
7055,1110,825,210,13,2023,12,Belgian Grand Prix,Circuit de Spa-Francorchamps,Haas F1 Team,2023-07-30,2,25,23572,118299,16,9,15,2.0,11.0,6765.0,3744.3333333333285,20.0,44,19,0.5681818181818182,2.651,2.256,0.5810228694370025,7,0,Standard
7064,1110,844,6,13,2023,12,Belgian Grand Prix,Circuit de Spa-Francorchamps,Ferrari,2023-07-30,2,28,23148,115953,1,3,3,80.0,167.0,4236.0,60.33333333332848,15.0,44,16,0.6363636363636364,10.573,15.234,0.1480071316369052,-2,0,Standard
7068,1110,848,3,13,2023,12,Belgian Grand Prix,Circuit de Spa-Francorchamps,Williams,2023-07-30,1,7,25015,118541,15,9,14,11.0,11.0,4634.0,1081.6666666666715,7.0,44,37,0.1590909090909091,1.887,1.133,0.8152035792308863,6,0,Standard
7071,1110,852,213,13,2023,12,Belgian Grand Prix,Circuit de Spa-Francorchamps,AlphaTauri,2023-07-30,1,9,22610,118292,11,6,10,2.0,2.0,4613.0,159.66666666667152,9.0,44,35,0.20454545454545456,8.785,0.548,0.7481920727158454,5,0,Standard
7084,1111,4,117,39,2023,13,Dutch Grand Prix,Circuit Park Zandvoort,Aston Martin,2023-08-27,2,10,20109,88333,5,5,2,149.0,196.0,5151.0,572.3333333333285,8.0,72,62,0.1388888888888889,1.538,5.135,0.5570102173129796,0,0,Undercut
7103,1111,822,51,39,2023,13,Dutch Grand Prix,Circuit Park Zandvoort,Alfa Romeo,2023-08-27,5,64,32518,2513847,18,15,14,5.0,9.0,2439149.0,27032.33333333333,1.0,72,8,0.8888888888888888,3.306,5.794,0.37942278787285466,3,1,Emergency
7108,1111,825,210,39,2023,13,Dutch Grand Prix,Circuit Park Zandvoort,Haas F1 Team,2023-08-27,5,63,2394733,145291,0,17,16,2.0,11.0,69802.0,19163.33333333333,3.0,72,9,0.875,5.429,,,-17,1,Emergency
7109,1111,825,210,39,2023,13,Dutch Grand Prix,Circuit Park Zandvoort,Haas F1 Team,2023-08-27,6,64,30628,2504065,0,17,16,2.0,11.0,2428576.0,37829.0,1.0,72,8,0.8888888888888888,3.847,,,-17,1,Emergency
7119,1111,832,6,39,2023,13,Dutch Grand Prix,Circuit Park Zandvoort,Ferrari,2023-08-27,4,60,19838,81844,6,5,5,92.0,191.0,6910.0,318.0,19.0,72,12,0.8333333333333334,1.258,0.365,1.1754705288806262,1,0,Standard
7125,1111,839,214,39,2023,13,Dutch Grand Prix,Circuit Park Zandvoort,Alpine F1 Team,2023-08-27,5,63,2432201,121555,16,11,10,35.0,57.0,46985.0,18722.33333333333,2.0,72,9,0.875,4.555,20.296,0.22697517685652863,5,1,Emergency
7127,1111,840,117,39,2023,13,Dutch Grand Prix,Circuit Park Zandvoort,Aston Martin,2023-08-27,1,4,20036,114041,11,18,11,47.0,196.0,16967.0,9374.333333333328,4.0,72,68,0.05555555555555555,3.441,2.078,0.5500608000440108,-7,0,Standard
7129,1111,840,117,39,2023,13,Dutch Grand Prix,Circuit Park Zandvoort,Aston Martin,2023-08-27,3,16,19653,113704,11,19,11,47.0,196.0,36119.0,723.3333333333285,7.0,72,56,0.2222222222222222,22.535,,,-8,1,Standard
7188,1112,832,6,14,2023,14,Italian Grand Prix,Autodromo Nazionale di Monza,Ferrari,2023-09-03,1,19,25183,91912,1,4,3,102.0,201.0,5936.0,1542.6666666666715,19.0,51,32,0.37254901960784315,2.787,3.98,0.464864475064239,-3,0,Standard
7195,1112,847,131,14,2023,14,Italian Grand Prix,Autodromo Nazionale di Monza,Mercedes,2023-09-03,1,19,24215,91885,4,5,5,99.0,255.0,5709.0,1295.3333333333285,19.0,51,32,0.37254901960784315,3.98,2.909,0.4566231156398426,-1,0,Standard
7196,1112,848,3,14,2023,14,Italian Grand Prix,Autodromo Nazionale di Monza,Williams,2023-09-03,1,15,24538,92301,6,9,7,15.0,15.0,5723.0,1066.0,15.0,51,36,0.29411764705882354,2.451,0.469,0.9705062748556619,-3,0,Standard
7200,1112,857,1,14,2023,14,Italian Grand Prix,Autodromo Nazionale di Monza,McLaren,2023-09-03,2,41,31799,94520,7,10,12,36.0,111.0,8388.0,923.0,18.0,51,10,0.803921568627451,2.768,11.644,0.34448167723536116,-3,0,Standard
7224,1113,855,51,15,2023,15,Singapore Grand Prix,Marina Bay Street Circuit,Alfa Romeo,2023-09-17,2,20,30637,136694,0,17,12,4.0,10.0,36825.0,1027.6666666666715,18.0,62,42,0.3225806451612903,27.481,83.367,0.04696410240560318,-17,1,Emergency
7235,1114,807,210,22,2023,16,Japanese Grand Prix,Suzuka Circuit,Haas F1 Team,2023-09-24,3,37,23338,101420,18,11,14,9.0,12.0,3098.0,894.6666666666715,16.0,53,16,0.6981132075471698,7.801,1.348,0.5395178300746759,7,0,Standard
7239,1114,815,9,22,2023,16,Japanese Grand Prix,Suzuka Circuit,Red Bull,2023-09-24,4,14,30651,2588523,5,19,19,223.0,597.0,2488819.0,43705.0,1.0,53,39,0.2641509433962264,180.0,,,-14,1,Emergency
7254,1114,844,6,22,2023,16,Japanese Grand Prix,Suzuka Circuit,Ferrari,2023-09-24,2,34,22926,101129,4,5,4,123.0,265.0,3249.0,871.0,17.0,53,19,0.6415094339622641,0.521,5.407,0.8135414842021799,-1,0,Standard
7262,1114,855,51,22,2023,16,Japanese Grand Prix,Suzuka Circuit,Alfa Romeo,2023-09-24,1,1,41041,150466,19,18,13,4.0,10.0,0.0,0.0,1.0,53,52,0.018867924528301886,4.611,11.347,0.25921268484510973,1,0,Standard
7291,1115,839,214,78,2023,17,Qatar Grand Prix,Losail International Circuit,Alpine F1 Team,2023-10-08,2,25,28969,92909,8,9,7,38.0,84.0,4191.0,200.0,15.0,57,32,0.43859649122807015,0.373,5.448,0.8834189680817033,-1,0,Standard
7302,1115,846,1,78,2023,17,Qatar Grand Prix,Losail International Circuit,McLaren,2023-10-08,1,13,28134,92790,10,2,3,115.0,172.0,3595.0,372.0,13.0,57,44,0.22807017543859648,13.852,3.685,0.2807781710170013,8,0,Standard
7308,1115,847,131,78,2023,17,Qatar Grand Prix,Losail International Circuit,Mercedes,2023-10-08,4,50,28191,89945,2,2,4,115.0,305.0,4175.0,145.66666666667152,18.0,57,7,0.8771929824561403,29.466,4.245,0.22348124465366914,0,0,Standard
7311,1115,848,3,78,2023,17,Qatar Grand Prix,Losail International Circuit,Williams,2023-10-08,3,44,28981,92935,13,9,13,21.0,21.0,5976.0,300.6666666666715,13.0,57,13,0.7719298245614035,0.963,6.628,0.6405203127283159,4,0,Standard
7335,1116,817,213,69,2023,18,United States Grand Prix,Circuit of the Americas,AlphaTauri,2023-10-22,2,47,26513,103929,14,15,15,0.0,5.0,1578.0,1552.3333333333285,24.0,56,9,0.8392857142857143,4.286,3.563,0.40833302860719256,-1,0,Standard
7346,1116,842,214,69,2023,18,United States Grand Prix,Circuit of the Americas,Alpine F1 Team,2023-10-22,1,18,23900,103920,7,5,6,46.0,90.0,1512.0,850.3333333333285,18.0,56,38,0.32142857142857145,2.36,1.718,0.6655366340796804,2,0,Standard
7352,1116,847,131,69,2023,18,United States Grand Prix,Circuit of the Americas,Mercedes,2023-10-22,2,39,23969,102200,5,6,5,132.0,326.0,763.0,786.0,18.0,56,17,0.6964285714285714,2.528,1.442,0.6929471215185501,-1,0,Standard
7365,1117,4,117,32,2023,19,Mexico City Grand Prix,Autódromo Hermanos Rodríguez,Aston Martin,2023-10-29,2,34,1229837,132573,13,18,18,183.0,236.0,48888.0,10962.333333333328,5.0,71,37,0.4788732394366197,3.153,,,-5,1,Emergency
7370,1117,822,51,32,2023,19,Mexico City Grand Prix,Autódromo Hermanos Rodríguez,Alfa Romeo,2023-10-29,1,31,23638,88264,9,11,15,10.0,16.0,4361.0,2103.3333333333285,31.0,71,40,0.43661971830985913,0.762,4.315,0.7556836443663287,-2,0,Standard
7373,1117,830,9,32,2023,19,Mexico City Grand Prix,Autódromo Hermanos Rodríguez,Red Bull,2023-10-29,1,19,22427,86825,3,1,1,466.0,706.0,3607.0,500.6666666666715,19.0,71,52,0.2676056338028169,,1.696,,2,0,Standard
7381,1117,842,214,32,2023,19,Mexico City Grand Prix,Autódromo Hermanos Rodríguez,Alpine F1 Team,2023-10-29,1,28,22627,87810,11,6,11,56.0,100.0,3821.0,1001.0,28.0,71,43,0.39436619718309857,2.238,0.167,1.1657306418584366,5,0,Standard
7391,1117,848,3,32,2023,19,Mexico City Grand Prix,Autódromo Hermanos Rodríguez,Williams,2023-10-29,2,34,1227980,151150,14,12,9,25.0,26.0,66957.0,8329.333333333328,1.0,71,37,0.4788732394366197,2.473,4.786,0.46076647375751056,2,1,Emergency
7392,1117,852,213,32,2023,19,Mexico City Grand Prix,Autódromo Hermanos Rodríguez,AlphaTauri,2023-10-29,1,9,30121,88908,18,17,12,8.0,10.0,4878.0,591.3333333333285,9.0,71,62,0.1267605633802817,0.472,0.243,1.4838530553709468,1,0,Undercut
7402,1118,1,131,18,2023,20,São Paulo Grand Prix,Autódromo José Carlos Pace,Mercedes,2023-11-05,3,18,23571,82182,5,9,8,220.0,371.0,5708.0,722.3333333333285,16.0,71,53,0.2535211267605634,0.458,5.413,0.8418043168059051,-4,0,Undercut
7405,1118,4,117,18,2023,20,São Paulo Grand Prix,Autódromo José Carlos Pace,Aston Martin,2023-11-05,2,2,1408154,141143,4,4,3,183.0,236.0,13842.0,0.0,1.0,71,69,0.028169014084507043,1.684,2.446,0.6627697678381294,0,0,Undercut
7443,1118,842,214,18,2023,20,São Paulo Grand Prix,Autódromo José Carlos Pace,Alpine F1 Team,2023-11-05,4,46,23583,80564,15,9,7,56.0,101.0,5349.0,1544.6666666666715,20.0,71,25,0.647887323943662,1.576,13.296,0.4581483940258666,6,0,Standard
7459,1118,857,1,18,2023,20,São Paulo Grand Prix,Autódromo José Carlos Pace,McLaren,2023-11-05,1,1,1584007,137108,10,10,14,87.0,256.0,0.0,0.0,1.0,71,70,0.014084507042253521,1.199,2.861,0.7137524190730193,0,0,Undercut
7463,1118,858,3,18,2023,20,São Paulo Grand Prix,Autódromo José Carlos Pace,Williams,2023-11-05,1,1,27472,147935,19,15,11,1.0,28.0,0.0,0.0,1.0,71,70,0.014084507042253521,1.062,1.481,0.8880293333114404,4,0,Undercut
7465,1118,858,3,18,2023,20,São Paulo Grand Prix,Autódromo José Carlos Pace,Williams,2023-11-05,3,17,24367,82426,19,12,11,1.0,28.0,5628.0,842.6666666666715,15.0,71,54,0.23943661971830985,5.962,0.99,0.6461494487663828,7,0,Standard
7472,1119,807,210,80,2023,21,Las Vegas Grand Prix,Las Vegas Strip Street Circuit,Haas F1 Team,2023-11-19,2,26,25453,123608,13,15,19,9.0,12.0,24973.0,613.0,14.0,50,24,0.52,3.593,7.038,0.3421316783597095,-2,1,Emergency
7497,1119,858,3,80,2023,21,Las Vegas Grand Prix,Las Vegas Strip Street Circuit,Williams,2023-11-19,1,15,21367,106786,6,14,16,1.0,28.0,7429.0,1047.6666666666715,15.0,50,35,0.3,0.311,5.333,0.9206795540124176,-8,0,Undercut
7498,1120,1,131,24,2023,22,Abu Dhabi Grand Prix,Yas Marina Circuit,Mercedes,2023-11-26,1,15,22195,93651,11,7,9,232.0,392.0,3017.0,978.3333333333285,15.0,58,43,0.25862068965517243,0.643,0.969,1.1165147429713203,4,0,Undercut
7501,1120,4,117,24,2023,22,Abu Dhabi Grand Prix,Yas Marina Circuit,Aston Martin,2023-11-26,2,36,21841,92048,7,4,7,200.0,273.0,2241.0,252.66666666667152,24.0,58,22,0.6206896551724138,2.763,1.688,0.6377692254153855,3,0,Standard
7520,1120,844,6,24,2023,22,Abu Dhabi Grand Prix,Yas Marina Circuit,Ferrari,2023-11-26,1,17,21919,92468,2,1,2,188.0,388.0,2095.0,260.3333333333285,17.0,58,41,0.29310344827586204,,7.047,,1,0,Standard
7537,1121,4,117,3,2024,1,Bahrain Grand Prix,Bahrain International Circuit,Aston Martin,2024-03-02,1,15,24786,101101,6,2,9,0.0,0.0,3325.0,804.6666666666715,15.0,57,42,0.2631578947368421,28.9,2.928,0.2880273007785626,4,0,Standard
7568,1121,848,3,3,2024,1,Bahrain Grand Prix,Bahrain International Circuit,Williams,2024-03-02,2,36,24610,100333,13,10,15,0.0,0.0,2941.0,562.3333333333285,21.0,57,21,0.631578947368421,14.704,0.41,0.7728979019665225,3,0,Standard
7580,1122,807,210,77,2024,2,Saudi Arabian Grand Prix,Jeddah Corniche Circuit,Haas F1 Team,2024-03-09,1,33,21035,96601,15,10,10,0.0,0.0,2602.0,163.66666666667152,33.0,50,17,0.66,13.782,6.479,0.20135755934050964,5,0,Overcut
7584,1122,822,15,77,2024,2,Saudi Arabian Grand Prix,Jeddah Corniche Circuit,Sauber,2024-03-09,2,35,23281,97864,16,18,17,0.0,0.0,3007.0,705.0,28.0,50,15,0.7,4.777,,,-2,0,Standard
7589,1122,846,1,77,2024,2,Saudi Arabian Grand Prix,Jeddah Corniche Circuit,McLaren,2024-03-09,1,37,22211,96675,6,4,8,8.0,12.0,3366.0,205.33333333332848,37.0,50,13,0.74,10.46,0.625,0.7026446502886294,2,0,Standard
7608,1123,825,210,1,2024,3,Australian Grand Prix,Albert Park Grand Prix Circuit,Haas F1 Team,2024-03-24,1,7,18301,97945,14,15,10,0.0,1.0,14416.0,285.6666666666715,7.0,58,51,0.1206896551724138,4.841,4.887,0.34106936704731905,-1,0,Standard
7610,1123,832,6,1,2024,3,Australian Grand Prix,Albert Park Grand Prix Circuit,Ferrari,2024-03-24,1,16,17599,96310,2,1,1,15.0,49.0,14595.0,722.3333333333285,16.0,58,42,0.27586206896551724,,4.549,,1,0,Standard
7624,1123,847,131,1,2024,3,Australian Grand Prix,Albert Park Grand Prix Circuit,Mercedes,2024-03-24,2,45,17964,96343,7,6,17,18.0,26.0,14246.0,58.0,37.0,58,13,0.7758620689655172,12.297,2.125,0.3952049334436339,1,0,Overcut
7626,1123,848,3,1,2024,3,Australian Grand Prix,Albert Park Grand Prix Circuit,Williams,2024-03-24,2,27,17745,97440,12,15,11,0.0,0.0,14833.0,962.6666666666715,21.0,58,31,0.46551724137931033,2.017,9.853,0.42359550983873107,-3,0,Standard
7637,1124,4,117,22,2024,4,Japanese Grand Prix,Suzuka Circuit,Aston Martin,2024-04-07,2,13,22998,100816,5,5,6,16.0,25.0,3363.0,1369.6666666666715,12.0,53,40,0.24528301886792453,0.213,2.881,1.0820678584424126,0,0,Undercut
7643,1124,815,9,22,2024,4,Japanese Grand Prix,Suzuka Circuit,Red Bull,2024-04-07,2,15,22990,100906,2,2,2,46.0,97.0,4338.0,1694.0,14.0,53,38,0.2830188679245283,8.176,3.78,0.31818496861012724,0,0,Standard
7650,1124,830,9,22,2024,4,Japanese Grand Prix,Suzuka Circuit,Red Bull,2024-04-07,1,1,1575603,130735,1,1,1,51.0,97.0,0.0,0.0,1.0,53,52,0.018867924528301886,,2.032,,0,0,Standard
7668,1124,846,1,22,2024,4,Japanese Grand Prix,Suzuka Circuit,McLaren,2024-04-07,1,1,1580116,134751,3,3,5,27.0,55.0,0.0,0.0,1.0,53,52,0.018867924528301886,1.984,2.862,0.5940538386672646,0,0,Undercut
7676,1124,852,215,22,2024,4,Japanese Grand Prix,Suzuka Circuit,RB F1 Team,2024-04-07,3,22,23486,101916,10,14,10,6.0,6.0,4746.0,2270.0,15.0,53,31,0.41509433962264153,0.067,1.036,1.4283662583340546,-4,0,Undercut
7683,1124,858,3,22,2024,4,Japanese Grand Prix,Suzuka Circuit,Williams,2024-04-07,1,1,1585267,188456,19,17,17,0.0,0.0,0.0,0.0,1.0,53,52,0.018867924528301886,3.284,6.662,0.3639409300655788,2,0,Standard
7708,1125,840,117,17,2024,5,Chinese Grand Prix,Shanghai International Circuit,Aston Martin,2024-04-21,4,35,34777,105678,11,17,15,9.0,33.0,4397.0,937.3333333333285,9.0,56,21,0.625,2.832,,,-6,0,Standard
7712,1125,844,6,17,2024,5,Chinese Grand Prix,Shanghai International Circuit,Ferrari,2024-04-21,1,21,22360,111969,6,4,4,59.0,120.0,10157.0,233.66666666667152,21.0,56,35,0.375,1.938,15.745,0.4000869162045263,2,1,Standard
7732,1126,815,9,79,2024,6,Miami Grand Prix,Miami International Autodrome,Red Bull,2024-05-05,2,28,22396,107036,4,6,4,85.0,195.0,14875.0,317.6666666666715,11.0,57,29,0.49122807017543857,9.747,3.766,0.30286877822153063,-2,1,Standard
7738,1126,825,210,79,2024,6,Miami Grand Prix,Miami International Autodrome,Haas F1 Team,2024-05-05,3,31,30732,100373,18,19,19,1.0,5.0,7225.0,38403.66666666666,3.0,57,26,0.543859649122807,20.479,,,-1,0,Standard
7744,1126,842,214,79,2024,6,Miami Grand Prix,Miami International Autodrome,Alpine F1 Team,2024-05-05,1,12,22466,99216,12,14,12,0.0,0.0,5427.0,686.6666666666715,12.0,57,45,0.21052631578947367,0.073,4.196,1.124422184388737,-2,0,Undercut
7751,1126,855,15,79,2024,6,Miami Grand Prix,Miami International Autodrome,Sauber,2024-05-05,1,28,23017,113108,19,10,14,0.0,0.0,19623.0,112.66666666667152,28.0,57,29,0.49122807017543857,0.571,1.99,0.9709853979635067,9,1,Standard
7762,1127,822,15,21,2024,7,Emilia Romagna Grand Prix,Autodromo Enzo e Dino Ferrari,Sauber,2024-05-19,1,8,30240,87265,16,19,18,0.0,0.0,4850.0,177.33333333332848,8.0,63,55,0.12698412698412698,2.18,26.215,0.351209851208118,-3,0,Standard
7765,1127,832,6,21,2024,7,Emilia Romagna Grand Prix,Autodromo Enzo e Dino Ferrari,Ferrari,2024-05-19,1,27,30508,86350,4,1,5,83.0,187.0,5384.0,643.6666666666715,27.0,63,36,0.42857142857142855,,7.61,,3,0,Standard
7773,1127,847,131,21,2024,7,Emilia Romagna Grand Prix,Autodromo Enzo e Dino Ferrari,Mercedes,2024-05-19,2,52,29605,86242,6,7,7,37.0,64.0,5573.0,595.6666666666715,31.0,63,11,0.8253968253968254,0.965,23.964,0.5489635354809144,-1,0,Overcut
7782,1128,1,131,6,2024,8,Monaco Grand Prix,Circuit de Monaco,Mercedes,2024-05-26,1,1,2375369,2483804,7,7,7,35.0,79.0,0.0,0.0,1.0,78,77,0.01282051282051282,4.86,4.805,0.3429137527081808,0,0,Standard
7783,1128,1,131,6,2024,8,Monaco Grand Prix,Circuit de Monaco,Mercedes,2024-05-26,51,2,24232,152812,7,7,7,35.0,79.0,-2330992.0,0.0,1.0,78,76,0.02564102564102564,0.229,0.27,1.6010712249252,0,0,Undercut
7784,1128,4,117,6,2024,8,Monaco Grand Prix,Circuit de Monaco,Aston Martin,2024-05-26,1,1,2389467,2513184,14,13,11,33.0,44.0,0.0,0.0,1.0,78,77,0.01282051282051282,5.577,3.674,0.36599451323770704,1,0,Standard
7787,1128,822,15,6,2024,8,Monaco Grand Prix,Circuit de Monaco,Sauber,2024-05-26,15,2,24239,116358,17,15,13,0.0,0.0,-2405390.0,0.0,1.0,78,76,0.02564102564102564,0.013,0.278,1.7696394446530008,2,0,Undercut
7802,1128,857,1,6,2024,8,Monaco Grand Prix,Circuit de Monaco,McLaren,2024-05-26,1,1,2357645,2458744,2,2,2,53.0,154.0,0.0,0.0,1.0,78,77,0.01282051282051282,2.414,3.977,0.4938357922718671,0,0,Standard
7816,1129,817,215,7,2024,9,Canadian Grand Prix,Circuit Gilles Villeneuve,RB F1 Team,2024-06-09,2,43,23860,101557,5,13,8,5.0,24.0,15809.0,205.0,17.0,70,27,0.6142857142857143,0.704,2.048,0.9149384495952091,-8,0,Standard
7820,1129,825,210,7,2024,9,Canadian Grand Prix,Circuit Gilles Villeneuve,Haas F1 Team,2024-06-09,3,41,24833,102982,14,17,12,1.0,7.0,16751.0,708.0,16.0,70,29,0.5857142857142857,9.645,11.721,0.17255098944138741,-3,0,Standard
7839,1129,848,3,7,2024,9,Canadian Grand Prix,Circuit Gilles Villeneuve,Williams,2024-06-09,1,25,24753,125520,10,11,17,2.0,2.0,39678.0,720.6666666666715,25.0,70,45,0.35714285714285715,4.915,3.191,0.4076682453423822,-1,1,Emergency
7843,1129,855,15,7,2024,9,Canadian Grand Prix,Circuit Gilles Villeneuve,Sauber,2024-06-09,2,44,65564,145739,0,18,15,0.0,0.0,58729.0,199.66666666667152,20.0,70,26,0.6285714285714286,41.776,,,-18,0,Standard
7852,1130,807,210,4,2024,10,Spanish Grand Prix,Circuit de Barcelona-Catalunya,Haas F1 Team,2024-06-23,2,38,22518,84542,13,10,11,6.0,7.0,4230.0,793.0,26.0,66,28,0.5757575757575758,2.729,4.288,0.45727582277192014,3,0,Standard
7864,1130,832,6,4,2024,10,Spanish Grand Prix,Circuit de Barcelona-Catalunya,Ferrari,2024-06-23,1,15,22194,85427,6,6,6,108.0,252.0,5381.0,1430.3333333333285,15.0,66,51,0.22727272727272727,2.861,2.42,0.5513979198189725,0,0,Standard
7868,1130,840,117,4,2024,10,Spanish Grand Prix,Circuit de Barcelona-Catalunya,Aston Martin,2024-06-23,1,17,21880,86896,14,9,14,17.0,58.0,5146.0,130.33333333332848,17.0,66,49,0.25757575757575757,1.487,3.022,0.6507233936709577,5,0,Standard
7873,1130,844,6,4,2024,10,Spanish Grand Prix,Circuit de Barcelona-Catalunya,Ferrari,2024-06-23,2,47,21624,83761,5,3,5,138.0,252.0,4950.0,1177.6666666666715,23.0,66,19,0.7121212121212122,1.755,6.084,0.5041395911750208,2,0,Standard
7882,1130,852,215,4,2024,10,Spanish Grand Prix,Circuit de Barcelona-Catalunya,RB F1 Team,2024-06-23,3,44,22564,86386,17,18,19,19.0,28.0,6813.0,2648.0,17.0,66,22,0.6666666666666666,1.873,5.324,0.5061959886073154,-1,0,Standard
7899,1131,817,215,70,2024,11,Austrian Grand Prix,Red Bull Ring,RB F1 Team,2024-06-30,2,37,21093,75305,11,12,9,9.0,28.0,4273.0,958.0,27.0,71,34,0.5211267605633803,1.247,2.179,0.7596021566205572,-1,0,Standard
7905,1131,830,9,70,2024,11,Austrian Grand Prix,Red Bull Ring,Red Bull,2024-06-30,2,51,25841,73860,1,1,5,219.0,330.0,4409.0,1096.0,28.0,71,20,0.7183098591549296,,7.614,,0,0,Standard
7909,1131,839,214,70,2024,11,Austrian Grand Prix,Red Bull Ring,Alpine F1 Team,2024-06-30,1,19,22291,76146,10,9,12,3.0,8.0,5227.0,1345.6666666666715,19.0,71,52,0.2676056338028169,2.077,1.106,0.7998256833702615,1,0,Standard
7914,1131,842,214,70,2024,11,Austrian Grand Prix,Red Bull Ring,Alpine F1 Team,2024-06-30,2,42,22043,75358,13,10,10,5.0,8.0,4633.0,1128.3333333333285,22.0,71,29,0.5915492957746479,0.161,2.948,1.1146192492060873,3,0,Standard
7915,1131,844,6,70,2024,11,Austrian Grand Prix,Red Bull Ring,Ferrari,2024-06-30,1,1,31917,82085,6,18,11,148.0,270.0,0.0,0.0,1.0,71,70,0.014084507042253521,0.953,1.973,0.8483933486374815,-12,0,Undercut
7918,1131,844,6,70,2024,11,Austrian Grand Prix,Red Bull Ring,Ferrari,2024-06-30,4,51,20903,73925,6,13,11,148.0,270.0,4031.0,1073.3333333333285,18.0,71,20,0.7183098591549296,2.425,5.192,0.45346951093004395,-7,0,Standard
7927,1131,855,15,70,2024,11,Austrian Grand Prix,Red Bull Ring,Sauber,2024-06-30,1,28,23198,76494,20,19,17,0.0,0.0,4834.0,1951.6666666666715,28.0,71,43,0.39436619718309857,2.789,37.58,0.28984204501284105,1,0,Standard
7928,1131,855,15,70,2024,11,Austrian Grand Prix,Red Bull Ring,Sauber,2024-06-30,2,51,21594,75549,20,19,17,0.0,0.0,4836.0,1479.3333333333285,23.0,71,20,0.7183098591549296,16.007,41.141,0.08252917720984648,1,0,Standard
7935,1132,1,131,9,2024,12,British Grand Prix,Silverstone Circuit,Mercedes,2024-07-07,2,38,30038,97220,2,2,1,85.0,196.0,6125.0,10207.0,11.0,52,14,0.7307692307692307,1.156,5.49,0.6179050973239836,0,0,Standard
7940,1132,815,9,9,2024,12,British Grand Prix,Silverstone Circuit,Red Bull,2024-07-07,1,19,28391,101868,0,15,17,118.0,355.0,9757.0,2703.6666666666715,19.0,52,33,0.36538461538461536,0.214,5.047,0.9890944874703347,-15,0,Standard
7942,1132,815,9,9,2024,12,British Grand Prix,Silverstone Circuit,Red Bull,2024-07-07,3,37,29300,99697,0,16,17,118.0,355.0,7586.0,11363.666666666672,9.0,52,15,0.7115384615384616,18.636,14.091,0.11719153007235159,-16,0,Standard
7953,1132,832,6,9,2024,12,British Grand Prix,Silverstone Circuit,Ferrari,2024-07-07,2,39,29097,96802,7,2,5,135.0,291.0,4902.0,8616.666666666672,13.0,52,13,0.75,21.526,0.273,0.8299391001366387,5,0,Standard
7954,1132,832,6,9,2024,12,British Grand Prix,Silverstone Circuit,Ferrari,2024-07-07,3,50,28706,89434,7,5,5,135.0,291.0,19.0,54.0,11.0,52,2,0.9615384615384616,12.726,27.7,0.10769764241011615,2,0,Standard
7977,1132,858,3,9,2024,12,British Grand Prix,Silverstone Circuit,Williams,2024-07-07,1,27,32801,112246,12,11,11,0.0,2.0,19703.0,5738.6666666666715,27.0,52,25,0.5192307692307693,2.17,0.298,1.085873437902524,1,1,Emergency
7991,1133,825,210,11,2024,13,Hungarian Grand Prix,Hungaroring,Haas F1 Team,2024-07-21,1,6,21871,88066,15,13,15,5.0,27.0,2155.0,309.0,6.0,70,64,0.08571428571428572,0.079,1.125,1.3973722946082976,2,0,Undercut
8008,1133,847,131,11,2024,13,Hungarian Grand Prix,Hungaroring,Mercedes,2024-07-21,2,53,21328,85333,17,7,8,111.0,221.0,3122.0,535.6666666666715,20.0,70,17,0.7571428571428571,11.632,7.66,0.19463746897428286,10,0,Standard
8045,1134,847,131,13,2024,14,Belgian Grand Prix,Circuit de Spa-Francorchamps,Mercedes,2024-07-28,1,10,22686,114652,6,7,20,116.0,241.0,4740.0,288.6666666666715,10.0,44,34,0.22727272727272727,2.789,2.401,0.5579530464275135,-1,0,Standard
8046,1134,848,3,13,2024,14,Belgian Grand Prix,Circuit de Spa-Francorchamps,Williams,2024-07-28,1,8,23606,115365,10,13,12,4.0,4.0,5165.0,685.3333333333285,8.0,44,36,0.18181818181818182,1.155,0.572,1.100169438491466,-3,0,Undercut
8055,1135,4,117,39,2024,15,Dutch Grand Prix,Circuit Park Zandvoort,Aston Martin,2024-08-25,1,31,21348,81976,7,9,10,49.0,73.0,5315.0,647.3333333333285,31.0,72,41,0.4305555555555556,3.049,1.036,0.7381336971800746,-2,0,Standard
8063,1135,832,6,39,2024,15,Dutch Grand Prix,Circuit Park Zandvoort,Ferrari,2024-08-25,1,30,20840,79673,10,3,5,162.0,345.0,3499.0,341.3333333333285,30.0,72,42,0.4166666666666667,3.109,2.096,0.5663656321316477,7,0,Standard
8084,1136,807,210,14,2024,16,Italian Grand Prix,Autodromo Nazionale di Monza,Haas F1 Team,2024-09-01,2,32,36576,89903,10,17,17,22.0,27.0,4920.0,463.6666666666715,27.0,53,21,0.6037735849056604,0.525,1.685,1.0281771835027629,-7,0,Standard
8087,1136,817,215,14,2024,16,Italian Grand Prix,Autodromo Nazionale di Monza,RB F1 Team,2024-09-01,1,11,30317,91962,12,14,13,12.0,34.0,6249.0,260.0,11.0,53,42,0.20754716981132076,1.282,1.372,0.8597972548561734,-2,0,Standard
8092,1136,832,6,14,2024,16,Italian Grand Prix,Autodromo Nazionale di Monza,Ferrari,2024-09-01,1,19,24313,90388,5,2,4,172.0,370.0,5746.0,833.3333333333285,19.0,53,34,0.3584905660377358,1.381,0.703,1.0071906606494998,3,0,Standard
8108,1136,861,3,14,2024,16,Italian Grand Prix,Autodromo Nazionale di Monza,Williams,2024-09-01,1,16,25147,91193,18,12,12,0.0,4.0,5136.0,613.6666666666715,16.0,53,37,0.3018867924528302,3.706,3.257,0.4474018992842069,6,0,Standard
8120,1137,840,117,73,2024,17,Azerbaijan Grand Prix,Baku City Circuit,Aston Martin,2024-09-15,2,22,20214,115365,13,18,19,24.0,74.0,6222.0,1202.3333333333285,21.0,51,29,0.43137254901960786,5.413,8.753,0.2584658146504007,-5,0,Standard
8121,1137,842,214,73,2024,17,Azerbaijan Grand Prix,Baku City Circuit,Alpine F1 Team,2024-09-15,1,50,20257,145969,18,12,12,8.0,13.0,37951.0,263.0,50.0,51,1,0.9803921568627451,11.083,39.972,0.10716781578655796,6,1,Overcut
8122,1137,844,6,73,2024,17,Azerbaijan Grand Prix,Baku City Circuit,Ferrari,2024-09-15,1,16,20671,113844,1,1,2,217.0,407.0,6172.0,1422.0,16.0,51,35,0.3137254901960784,,4.187,,0,0,Standard
8124,1137,847,131,73,2024,17,Azerbaijan Grand Prix,Baku City Circuit,Mercedes,2024-09-15,1,12,19954,114565,5,6,3,128.0,292.0,5613.0,704.0,12.0,51,39,0.23529411764705882,4.056,0.286,0.9753897867984329,-1,0,Standard
8134,1138,815,9,15,2024,18,Singapore Grand Prix,Marina Bay Street Circuit,Red Bull,2024-09-22,1,28,28990,107385,13,10,10,143.0,456.0,9028.0,1487.0,28.0,62,34,0.45161290322580644,0.126,6.261,1.0258215439892386,3,0,Standard
8154,1139,4,117,69,2024,19,United States Grand Prix,Circuit of the Americas,Aston Martin,2024-10-20,1,26,24247,102193,7,11,13,62.0,86.0,955.0,515.0,26.0,56,30,0.4642857142857143,3.865,1.107,0.6801582938679905,-4,0,Standard
8174,1139,857,1,69,2024,19,United States Grand Prix,Circuit of the Americas,McLaren,2024-10-20,1,32,24107,101107,5,2,5,237.0,516.0,2091.0,997.3333333333285,32.0,56,24,0.5714285714285714,3.621,3.765,0.4262669645600301,3,0,Standard
8182,1140,822,15,32,2024,20,Mexico City Grand Prix,Autódromo Hermanos Rodríguez,Sauber,2024-10-27,1,49,22505,85822,15,13,14,0.0,0.0,2943.0,96.33333333332848,49.0,71,22,0.6901408450704225,0.491,9.226,0.7684807587293104,2,0,Overcut
8186,1140,839,214,32,2024,20,Mexico City Grand Prix,Autódromo Hermanos Rodríguez,Alpine F1 Team,2024-10-27,1,48,23245,88340,0,14,13,5.0,13.0,5402.0,182.0,48.0,71,23,0.676056338028169,5.111,5.953,0.3074621491947841,-14,0,Overcut
8189,1140,844,6,32,2024,20,Mexico City Grand Prix,Autódromo Hermanos Rodríguez,Ferrari,2024-10-27,1,31,22860,85993,4,2,3,275.0,496.0,4731.0,1151.6666666666715,31.0,71,40,0.43661971830985913,12.133,13.876,0.14336643617543698,2,0,Standard
8191,1140,846,1,32,2024,20,Mexico City Grand Prix,Autódromo Hermanos Rodríguez,McLaren,2024-10-27,1,30,22111,86051,3,3,2,297.0,544.0,4327.0,808.0,30.0,71,41,0.4225352112676056,10.454,3.662,0.30180595921821696,0,0,Standard
8194,1140,857,1,32,2024,20,Mexico City Grand Prix,Autódromo Hermanos Rodríguez,McLaren,2024-10-27,1,39,21825,85068,17,7,8,247.0,544.0,2837.0,292.0,39.0,71,32,0.5492957746478874,1.161,4.743,0.6368737492066272,10,0,Overcut
8198,1141,1,131,18,2024,21,São Paulo Grand Prix,Autódromo José Carlos Pace,Mercedes,2024-11-03,1,27,25205,100067,14,12,10,189.0,366.0,16094.0,734.0,27.0,69,42,0.391304347826087,2.397,6.31,0.43117629742506364,2,1,Emergency
8199,1141,1,131,18,2024,21,São Paulo Grand Prix,Autódromo José Carlos Pace,Mercedes,2024-11-03,2,32,1425703,160982,14,11,10,189.0,366.0,77009.0,27144.0,5.0,69,37,0.463768115942029,2.827,5.987,0.40442422298397385,3,1,Emergency
8204,1141,807,210,18,2024,21,São Paulo Grand Prix,Autódromo José Carlos Pace,Haas F1 Team,2024-11-03,3,29,28590,127542,17,18,20,31.0,46.0,43778.0,84750.0,2.0,69,40,0.42028985507246375,140.175,,,-1,1,Emergency
8223,1141,855,15,18,2024,21,São Paulo Grand Prix,Autódromo José Carlos Pace,Sauber,2024-11-03,3,31,1283154,160520,19,16,15,0.0,0.0,75467.0,45102.33333333333,3.0,69,38,0.4492753623188406,114.752,,,3,0,Standard
8245,1142,830,9,80,2024,22,Las Vegas Grand Prix,Las Vegas Strip Street Circuit,Red Bull,2024-11-23,2,27,22254,103108,5,3,5,393.0,544.0,5584.0,507.6666666666715,16.0,50,23,0.54,1.886,0.629,0.9603738885506841,2,0,Standard
8246,1142,832,6,80,2024,22,Las Vegas Grand Prix,Las Vegas Strip Street Circuit,Ferrari,2024-11-23,1,10,21048,106562,2,3,3,244.0,557.0,8168.0,1318.6666666666715,10.0,50,40,0.2,5.422,1.822,0.5100733415277612,-1,0,Standard
8248,1142,839,214,80,2024,22,Las Vegas Grand Prix,Las Vegas Strip Street Circuit,Alpine F1 Team,2024-11-23,1,11,15790,105832,11,6,17,23.0,49.0,6465.0,1448.0,11.0,50,39,0.22,4.15,0.576,0.8286925237790154,5,0,Standard
8254,1142,844,6,80,2024,22,Las Vegas Grand Prix,Las Vegas Strip Street Circuit,Ferrari,2024-11-23,1,9,21329,107546,4,7,4,307.0,557.0,9217.0,1837.3333333333285,9.0,50,41,0.18,0.731,0.593,1.2054471414692314,-3,0,Undercut
8270,1142,861,3,80,2024,22,Las Vegas Grand Prix,Las Vegas Strip Street Circuit,Williams,2024-11-23,1,16,21170,106201,0,14,14,5.0,17.0,6997.0,3076.3333333333285,16.0,50,34,0.32,3.09,0.071,1.1782055935658697,-14,0,Standard
8273,1143,1,131,78,2024,23,Qatar Grand Prix,Losail International Circuit,Mercedes,2024-12-01,2,35,23412,177756,6,16,12,208.0,425.0,92529.0,17355.33333333333,1.0,57,22,0.6140350877192983,39.847,1.408,0.4397639941026179,-10,1,Emergency
8303,1143,844,6,78,2024,23,Qatar Grand Prix,Losail International Circuit,Ferrari,2024-12-01,1,35,28460,98515,5,3,2,319.0,584.0,13862.0,124.66666666667152,35.0,57,22,0.6140350877192983,16.002,26.3,0.09544664644064715,2,1,Overcut
8306,1143,846,1,78,2024,23,Qatar Grand Prix,Losail International Circuit,McLaren,2024-12-01,1,35,28024,93654,3,2,10,340.0,608.0,9117.0,187.0,35.0,57,22,0.6140350877192983,3.914,16.002,0.262316813310814,1,1,Overcut
8325,1143,857,1,78,2024,23,Qatar Grand Prix,Losail International Circuit,McLaren,2024-12-01,1,34,27818,89340,4,4,3,268.0,608.0,4630.0,310.3333333333285,34.0,57,23,0.5964912280701754,3.095,15.084,0.3063738328597816,0,0,Overcut
8330,1143,859,215,78,2024,23,Qatar Grand Prix,Losail International Circuit,RB F1 Team,2024-12-01,3,37,26790,115739,17,15,14,4.0,46.0,29545.0,36751.0,1.0,57,20,0.6491228070175439,13.509,81.432,0.08105394879126214,2,1,Emergency
8346,1144,844,6,24,2024,24,Abu Dhabi Grand Prix,Yas Marina Circuit,Ferrari,2024-12-08,1,20,21869,92189,19,4,3,341.0,619.0,2916.0,558.0,20.0,58,38,0.3448275862068966,3.406,2.553,0.5084155257926177,15,0,Standard
8347,1144,846,1,24,2024,24,Abu Dhabi Grand Prix,Yas Marina Circuit,McLaren,2024-12-08,1,26,21276,91567,1,1,1,349.0,640.0,2707.0,458.6666666666715,26.0,58,32,0.4482758620689655,,21.429,,0,0,Standard
